VES S/N,Easting (Min),Northing (Min),Elev(m),No. of Layer,Curve Types,"Res. of layer
p1/p2/…pn-1",Thickness of layers h1/h2/h3/h4,"Depth of layers
d1/d2/d3/d4",Thickness Topsoil h1(m),Thickness Laterite h2(m),Thickness weathered h3 (m),Corrected Thick. weathered (m),Thickness Fractured h4 (m),Corrcted Thick. Fractured (m),"Thick. Overb.
B1=h1+h2",Total Aquifer Thick. B2=h3+h4,Corrected Total Aquifer Thick,DTFB= B1 + B2,Corrected DTB,Recom. DBH,p1,p2,p3,p4,p5,Res. Of Topsoil,Res. Of Laterite,Long. Cond. (mhos) Topsoil,Long. Cond. (mhos) Laterite,Long. Cond. (mhos) OVERBURRDEN,Storage Weathered,Storage Fractured,TOTAL STORAGE,Logarithm of Topsoil,RESISTIVITY OF FRESH BASEMENT,Logarithm Fresh Basement,"AQUIFER RES of Weathered. 
(Ohm-M)",Logarithm Weathered,Hydraulic Conductivity (K),Transmissivity (T),Cost of Constructing Borehole
1,36.94,28,343,4,KH,128.3/213/52.7/137.7,1.1/4.9/23.4,1.1/6.1/29.5,1.1,4.9,23.4,25.0146,0,0,6,23.4,25.0146,29.4,31.4286,46.4286,128.3,213,52.7,137.7,,128.3,213,0.009,0.023,0.032,30.018,0.000,30.018,2.108,137.700,2.139,52.700,1.722,9.5693,239.37241,301785.90
2,36.73,28.8,359,4,KH,518/583/252/752,0.8/1.6/22.7,0.8/2.5/25.2,0.8,1.6,22.7,24.2663,0,0,2.4,22.7,24.2663,25.1,26.8319,41.8319,518,583,252,752,,518,518,0.002,0.003,0.005,29.120,0.000,29.120,2.714,752.000,2.876,252.000,2.401,2.2230,53.94388,271907.35
3,36.6,28.75,397,3,A,12.4/68/385.6,0.8/9.5,0.8/10.4,0.8,0,9.5,10.1555,0,0,0.8,9.5,10.1555,10.3,11.0107,26.0107,12.4,68,385.6,,,12.4,0,0.065,0.000,0.065,12.187,0.000,12.187,1.093,385.600,2.586,68.000,1.833,7.5443,76.61594,169069.55
4,36.84,29.58,342,3,H,309.8/174.1/3533.3,0.9/6.7,0.9/7.6,0.9,0,6.7,7.1623,0,0,0.9,6.7,7.1623,7.6,8.1244,23.1244,309.8,174.1,3533.3,,,309.8,0,0.003,0.000,0.003,8.595,0.000,8.595,2.491,3533.300,3.548,174.100,2.241,3.1387,22.48047,150308.60
5,36.6,29.54,348,3,H,1303.7/292.7/940.5,2.5/62.2,2.5/64.7,2.5,0,62.2,66.4918,0,0,2.5,62.2,66.4918,64.7,69.1643,84.1643,1303.7,292.7,940.5,,,1303.7,0,0.002,0.000,0.002,79.790,0.000,79.790,3.115,940.500,2.973,292.700,2.466,1.9332,128.54409,547067.95
6,36.89,28.49,357,4,AK,51/88.4/1212/267.5,1.0/14.8/52.1,1.0/15.7/67.8,1,14.8,52.1,55.6949,0,0,15.8,52.1,55.6949,67.9,72.5851,87.5851,51,88.4,1212,267.5,,51,88.4,0.020,0.167,0.187,66.834,0.000,66.834,1.708,267.500,2.427,88.400,1.946,5.9065,328.96029,569303.15
7,36.79,28.15,387,3,A,53.7/125.1/5266.2,0.9/17.1,0.9/18.0,0.9,0,17.1,18.2799,0,0,0.9,17.1,18.2799,18,19.242,34.242,53.7,125.1,5266.2,,,53.7,0,0.017,0.000,0.017,21.936,0.000,21.936,1.730,5266.200,3.721,125.000,2.097,4.2754,78.15385,222573.00
8,36.53,28.46,310,4,HA,298.9/122.3/1378.9/3687.6,1.8/9.6/7.1,1.8/11.4/18.4,1.8,9.6,7.1,7.5899,0,0,11.4,7.1,7.5899,18.5,19.7765,34.7765,298.9,122.3,1378.9,3687.6,,298.9,122.3,0.006,0.078,0.085,9.108,0.000,9.108,2.476,3687.600,3.567,122.300,2.087,4.3634,33.11762,226047.25
9,36.08,30.06,390,3,H,266.5/45.4/634.7,2.0/12.7,2.0/14.6,2,0,12.7,13.5763,0,0,2,12.7,13.5763,14.7,15.7143,30.7143,266.5,45.4,634.7,,,266.5,0,0.008,0.000,0.008,16.292,0.000,16.292,2.426,634.700,2.803,45.400,1.657,10.9973,149.30252,199642.95
10,36.07,28.18,355,3,H,84.8/44.2/129.7,2.1/6.3,2.1/8.3,2.1,0,6.3,6.7347,0,0,2.1,6.3,6.7347,8.4,8.9796,23.9796,84.8,44.2,129.7,,,84.8,0,0.025,0.000,0.025,8.082,0.000,8.082,1.928,129.700,2.113,44.200,1.645,11.2756,75.93747,155867.40
11,36.88,28.56,362,4,KH,34.2/69.5/49.9/297.5,0.6/2.2/7.6,0.6/2.8/10.4,0.6,2.2,7.6,8.1244,0,0,2.8,7.6,8.1244,10.4,11.1176,26.1176,34.2,69.5,49.9,297.5,,34.2,69.5,0.018,0.032,0.049,9.749,0.000,9.749,1.534,297.500,2.473,49.900,1.698,10.0693,81.80678,169764.40
12,36.79,28.15,387,4,HA,177.0/87.6/126.1/4526.6,0.5/1.5/17.1,0.5/2.0/19.2,0.5,1.5,17.1,18.2799,0,0,2,17.1,18.2799,19.1,20.4179,35.4179,177,87.6,126.1,4526.6,,177,87.6,0.003,0.017,0.020,21.936,0.000,21.936,2.248,4526.600,3.656,87.600,1.943,5.9568,108.88921,230216.35
13,36.58,29.63,325,4,KH,72.9/348.9/54.4/2465.8,0.3/1.1/5.2,0.3/1.5/6.7,0.3,1.1,5.2,5.5588,0,0,1.4,5.2,5.5588,6.6,7.0554,22.0554,72.9,348.9,54.4,2465.8,,72.9,348.9,0.004,0.003,0.007,6.671,0.000,6.671,1.863,2465.800,3.392,54.400,1.736,9.2901,51.64157,143360.10
14,36.93,29.77,343,3,K,167.2/2110.1/383.9,2.0/10.6,2.0/12.6,2,0,10.6,11.3314,0,0,2,10.6,11.3314,12.6,13.4694,28.4694,167.2,2110.1,383.9,,,167.2,0,0.012,0.000,0.012,13.598,0.000,13.598,2.223,383.900,2.584,110.000,2.041,4.8169,54.58186,185051.10
15,36.91,29.79,339,3,K,200.0/1317.5/511.8,3.1/23.9,3.1/27.1,3.1,0,23.9,25.5491,0,0,3.1,23.9,25.5491,27,28.863,43.863,200,1317.5,511.8,,,200,0,0.016,0.000,0.016,30.659,0.000,30.659,2.301,511.800,2.709,131.000,2.117,4.0924,104.55831,285109.50
16,36.7,29.84,339,4,KH,212.2/720.2/105.8/1469.9,0.5/1.5/6.4,0.5/1.9/8.3,0.5,1.5,6.4,6.8416,0,0,2,6.4,6.8416,8.4,8.9796,23.9796,212.2,720.2,105.8,1469.9,,212.2,720.2,0.002,0.002,0.004,8.210,0.000,8.210,2.327,1469.900,3.167,105.800,2.024,4.9950,34.17384,155867.40
17,37.07,29.05,348,4,HA,120.8/17.6/300.7/623.7,1.8/4.0/34.4,1.8/5.8/40.2,1.8,5.8,34.4,36.7736,0,0,7.6,34.4,36.7736,42,44.898,59.898,120.8,17.6,300.7,623.7,,120.8,177.6,0.015,0.033,0.048,44.128,0.000,44.128,2.082,623.700,2.795,300.000,2.477,1.8893,69.47687,389337.00
18,36.05,28.87,328,3,A,13.7/135.8/327.0,0.4/10.1,0.4/10.5,0.4,0,10.1,10.7969,0,0,0.4,10.1,10.7969,10.5,11.2245,26.2245,13.7,135.8,327,,,13.7,0,0.029,0.000,0.029,12.956,0.000,12.956,1.137,327.000,2.515,135.800,2.133,3.9573,42.72709,170459.25
19,37,29.04,342,4,HA,157.0/18.7/455.5/341,1.3/3.7/26.9,1.3/5.0/31.9,1.3,3.7,26.9,28.7561,0,0,5,26.9,28.7561,31.9,34.1011,49.1011,157,18.7,455.5,341,,157,18.7,0.008,0.198,0.206,34.507,0.000,34.507,2.196,341.000,2.533,18.700,1.272,25.1550,723.36101,319157.15
20,36.6,29.06,296,4,KA,172.1/246.2/69.2/1130.4,1.0/2.6/6.2,1.0/3.7/9.8,1,2.6,6.2,6.6278,0,0,3.6,6.2,6.6278,9.8,10.4762,25.4762,172.1,246.2,69.2,1130.4,,172.1,246.2,0.006,0.011,0.016,7.953,0.000,7.953,2.236,1130.400,3.053,69.200,1.840,7.4222,49.19266,165595.30
21,36.86,28.51,350,3,H,108.8/27.8/1200.4,1.8/17.5,1.8/19.2,1.8,0,17.5,18.7075,0,0,1.8,17.5,18.7075,19.3,20.6317,35.6317,108.8,27.8,1200.4,,,108.8,0,0.017,0.000,0.017,22.449,0.000,22.449,2.037,1200.400,3.079,27.800,1.444,17.3776,325.09071,231606.05
22,36.85,27.6,294,4,AH,63.9/874/72.5/867.5,1.7/3.8/12.7,1.7/5.5/18.2,1.7,3.8,12.7,13.5763,0,0,5.5,12.7,13.5763,18.2,19.4558,34.4558,63.9,874,72.5,867.5,,63.9,874,0.027,0.004,0.031,16.292,0.000,16.292,1.806,867.500,2.938,54.500,1.736,9.2742,125.90872,223962.70
23,36.72,29.12,304,3,H,378/67.6/1022.0,2.5/17.1,2.5/19.6,2.5,0,17.1,18.2799,0,0,2.5,17.1,18.2799,19.6,20.9524,35.9524,378,67.6,1022,,,378,0,0.007,0.000,0.007,21.936,0.000,21.936,2.577,1022.000,3.009,67.600,1.830,7.5859,138.66976,233690.60
24,37.08,29.29,304,3,H,69.51/22.51/100.72,2.2/7.6,2.2/9.8,2.2,0,9.8,10.4762,0,0,2.2,9.8,10.4762,12,12.828,27.828,69.51,22.51,100.72,,,69.51,0,0.032,0.000,0.032,12.571,0.000,12.571,1.842,100.720,2.003,87.300,1.941,5.9759,62.60436,180882.00
25,36.41,28.51,357,4,HA,216.3/54.7/826.3/1968.2,2.5/8.1/9.8,2.5/10.5/20.4,2.5,8.1,9.8,10.4762,0,0,10.6,9.8,10.4762,20.4,21.8076,36.8076,216.3,54.7,826.3,1968.2,,216.3,54.7,0.012,0.148,0.160,12.571,0.000,12.571,2.335,1968.200,3.294,54.700,1.738,9.2425,96.82649,239249.40
26,37.02,28.71,315,3,H,171.6/33.4/173.9,1.7/15.7,1.1/17.5,1.7,0,15.7,16.7833,0,0,1.7,15.7,16.7833,17.4,18.6006,33.6006,171.6,33.4,173.9,,,171.6,0,0.010,0.000,0.010,20.140,0.000,20.140,2.235,173.900,2.240,33.400,1.524,14.6434,245.76388,218403.90
27,36.37,29.05,301,3,H,174.8/43.7/956.8,2.3/6.8,2.3/9.1,2.3,0,6.8,7.2692,0,0,2.3,6.8,7.2692,9.1,9.7279,24.7279,174.8,43.7,956.8,,,174.8,0,0.013,0.000,0.013,8.723,0.000,8.723,2.243,956.800,2.981,43.700,1.640,11.3959,82.83873,160731.35
28,36.97,28.55,358,3,H,704.5/424.9/1094.4,8.8/29.5,9.9/39.4,8.8,0,29.5,31.5355,0,0,8.8,29.5,31.5355,38.3,40.9427,55.9427,704.5,424.9,1094.4,,,704.5,0,0.012,0.000,0.012,37.843,0.000,37.843,2.848,1094.400,3.039,296.000,2.471,1.9131,60.33118,363627.55
29,36.42,30.62,347,3,H,444.4/92.5/6850.8,1.6/19.9,1.6/21.4,1.6,0,19.9,21.2731,0,0,1.6,19.9,21.2731,21.5,22.9835,37.9835,444.4,92.5,6850.8,,,444.4,0,0.004,0.000,0.004,25.528,0.000,25.528,2.648,6850.800,3.836,92.500,1.966,5.6619,120.44587,246892.75
30,36.24,30.47,329,3,H,259.1/52.7/344.5,1.2/15.6,1.2/16.7,1.2,0,15.6,16.6764,0,0,1.2,15.6,16.6764,16.8,17.9592,32.9592,259.1,52.7,344.5,,,259.1,0,0.005,0.000,0.005,20.012,0.000,20.012,2.413,344.500,2.537,52.700,1.722,9.5693,159.58160,214234.80
31,36.27,30.38,328,4,KH,205.4/1023.9/91.0/3782.9,0.8/2.5/14.1,0.8/3.3/17.4,0.8,2.5,14.1,15.0729,0,0,3.3,14.1,15.0729,17.4,18.6006,33.6006,205.4,1023.9,91,3782.9,,205.4,1024,0.004,0.002,0.006,18.087,0.000,18.087,2.313,3782.900,3.578,91.000,1.959,5.7489,86.65255,218403.90
32,36.22,29.89,385,4,KH,48.9/407.9/26.4/559.0,1.0/2.5/9.8,1.0/3.4/13.3,1,2.5,9.8,10.4762,0,0,3.5,9.8,10.4762,13.3,14.2177,29.2177,48.9,407.9,26.4,559,,48.9,407.9,0.020,0.006,0.027,12.571,0.000,12.571,1.689,559.000,2.747,26.400,1.422,18.2357,191.04079,189915.05
33,36.62,30.69,300,3,H,222.7/42.9/398.4,2.3/4.6,2.3/6.9,2.3,0,4.6,4.9174,0,0,2.3,4.6,4.9174,6.9,7.3761,22.3761,222.7,42.9,398.4,,,222.7,0,0.010,0.000,0.010,5.901,0.000,5.901,2.348,398.400,2.600,42.900,1.632,11.5940,57.01216,145444.65
34,36.08,30.05,372,4,KH,366.6/1999/281.1/1380.3,1.7/2.2/5.4,1.7/3.9/9.2,1.7,2.2,5.4,5.7726,0,0,3.9,5.4,5.7726,9.3,9.9417,24.9417,366.6,1999,281.1,1380.3,,366.6,1999,0.005,0.001,0.006,6.927,0.000,6.927,2.564,1380.300,3.140,281.100,2.449,2.0075,11.58878,162121.05
35,36.7,33.54,321,3,H,111.0/30.6/238.8,1.5/15.0,1.5/16.5,1.5,0,15,16.035,0,0,1.5,15,16.035,16.5,17.6385,32.6385,111,30.6,238.8,,,111,0,0.014,0.000,0.014,19.242,0.000,19.242,2.045,238.800,2.378,30.600,1.486,15.8896,254.78894,212150.25
36,36.34,30.11,313,4,HA,117.2/24.2/385.3/1050.4,1.3/4.4/15.2,1.3/5.6/20.8,1.3,4.4,15.2,16.2488,0,0,5.7,15.2,16.2488,20.9,22.3421,37.3421,117.2,24.2,385.3,1050.4,,117.2,24.2,0.011,0.182,0.193,19.499,0.000,19.499,2.069,1050.400,3.021,24.200,1.384,19.7776,321.36156,242723.65
37,34.82,30.12,388,4,KH,32.6/99.0/20.0/578.0,0.7/7.7/17.5,0.7/8.4/25.9,0.7,7.7,17.5,18.7075,0,0,8.4,17.5,18.7075,25.9,27.6871,42.6871,32.6,99,20,578,,32.6,99,0.021,0.078,0.099,22.449,0.000,22.449,1.513,578.000,2.762,20.000,1.301,23.6264,441.99063,277466.15
38,36.42,30.48,355,3,H,343.7/105.7/2961.4,1.8/12.5,1.8/14.3,1.8,0,14.3,15.2867,0,0,1.8,14.3,15.2867,16.1,17.2109,32.2109,343.7,105.7,2961.4,,,343.7,105.7,0.005,0.000,0.005,18.344,0.000,18.344,2.536,2961.400,3.471,105.700,2.024,4.9994,76.42457,209370.85
39,36.34,30.82,398,3,H,128.6/41.6/423.8,1.1/9.1,1.1/10.3,1.1,0,9.1,9.7279,0,0,1.1,9.1,9.7279,10.2,10.9038,25.9038,128.6,41.6,423.8,,,128.6,0,0.009,0.000,0.009,11.673,0.000,11.673,2.109,423.800,2.627,41.600,1.619,11.9316,116.06930,168374.70
40,36.37,30.6,344,3,A,335.3/307.8/2907.2,1.8/5.7,1.8/7.4,1.8,0,5.7,6.0933,0,0,1.8,5.7,6.0933,7.5,8.0175,23.0175,335.3,307.8,2907.2,,,335.3,0,0.005,0.000,0.005,7.312,0.000,7.312,2.525,2907.200,3.463,307.800,2.488,1.8446,11.23979,149613.75
41,36.42,31.6,311,3,H,234.7/118.2/942.3,1.5/13.3,1.5/14.8,1.5,0,14.8,15.8212,0,0,1.5,14.8,15.8212,16.3,17.4247,32.4247,234.7,118.2,942.3,,,234.7,0,0.006,0.000,0.006,18.985,0.000,18.985,2.371,942.300,2.974,118.200,2.073,4.5044,71.26508,210760.55
42,36.4,32.24,306,3,H,230.9/37.0/523.6,2.0/22.9,2.0/24.9,2,0,22.9,24.4801,0,0,2,22.9,24.4801,24.9,26.6181,41.6181,230.9,37,523.6,,,230.9,0,0.009,0.000,0.009,29.376,0.000,29.376,2.363,523.600,2.719,37.000,1.568,13.3098,325.82522,270517.65
43,36.48,31.74,303,3,H,313.0/78.1/735.2,1.8/18.7,1.8/20.4,1.8,0,18.7,19.9903,0,0,1.8,18.7,19.9903,20.5,21.9145,36.9145,313,78.1,735.2,,,313,0,0.006,0.000,0.006,23.988,0.000,23.988,2.496,735.200,2.866,78.100,1.893,6.6300,132.53628,239944.25
44,36.86,32.16,309,4,HA,116.4/36.2/719.3/835.0,1.9/5.6/15.2,1.9/7.5/22.7,1.9,5.6,15.2,16.2488,0,0,7.5,15.2,16.2488,22.7,24.2663,39.2663,116.4,36.2,719.3,835,,116.4,36.2,0.016,0.155,0.171,19.499,0.000,19.499,2.066,835.000,2.922,36.200,1.559,13.5840,220.72336,255230.95
45,36.53,30.57,311,3,H,231.7/49.2/2168.2,1.9/13.3,1.9/15.2,1.9,0,13.3,14.2177,0,0,1.9,13.3,14.2177,15.2,16.2488,31.2488,231.7,49.2,2168.2,,,231.7,0,0.008,0.000,0.008,17.061,0.000,17.061,2.365,2168.200,3.336,49.200,1.692,10.2028,145.06100,203117.20
46,36.17,30.45,359,3,H,307.5/73.7/463.5,1.9/15.7,1.9/17.5,1.9,0,15.7,16.7833,0,0,1.9,15.7,16.7833,17.6,18.8144,33.8144,307.5,73.7,463.5,,,307.5,0,0.006,0.000,0.006,20.140,0.000,20.140,2.488,463.500,2.666,73.700,1.867,6.9985,117.45859,219793.60
47,36.49,32.76,275,3,H,169.7/29.2/376.9,1.6/9.5,1.6/11.2,1.6,0,9.5,10.1555,0,0,1.6,9.5,10.1555,11.1,11.8659,26.8659,169.7,29.2,376.9,,,169.7,0,0.009,0.000,0.009,12.187,0.000,12.187,2.230,376.900,2.576,29.200,1.465,16.5991,168.57196,174628.35
48,37.06,32.02,332,3,H,419.5/212.8/526.7,2.1/14.0,2.1/16.2,2.1,0,16.2,17.3178,0,0,2.1,16.2,17.3178,18.3,19.5627,34.5627,419.5,212.8,526.7,,,419.5,0,0.005,0.000,0.005,20.781,0.000,20.781,2.623,526.700,2.722,212.800,2.328,2.6028,45.07420,224657.55
49,36.24,30.57,298,3,H,228.5/73.6/254.0,0.5/6.6,0.5/7.1,0.5,0,6.6,7.0554,0,0,0.5,6.6,7.0554,7.1,7.5899,22.5899,228.5,73.6,254,,,228.5,0,0.002,0.000,0.002,8.466,0.000,8.466,2.359,254.000,2.405,73.600,1.867,7.0074,49.44008,146834.35
50,31.33,28.34,343,3,H,130.0/50.1/174.8,1.0/9.2,1.0/10.2,1,0,9.2,9.8348,0,0,1,9.2,9.8348,10.2,10.9038,25.9038,130,50.1,174.8,,,130,0,0.008,0.000,0.008,11.802,0.000,11.802,2.114,174.800,2.243,50.100,1.700,10.0318,98.66043,168374.70
51,31.37,30.43,314,4,KH,57.9/268.8/15.4/331.4,0.4/1.0/13.9,0.4/1.5/15.4,0.4,1,13.9,14.8591,0,0,1.4,13.9,14.8591,15.3,16.3557,31.3557,57.9,268.8,15.4,331.4,,57.9,268.8,0.007,0.004,0.011,17.831,0.000,17.831,1.763,331.400,2.520,15.400,1.188,30.1496,447.99655,203812.05
52,31.66,29.37,361,3,H,51.7/13.2/59.2,2.5/7.3,2.5/9.8,2.5,0,7.3,7.8037,0,0,2.5,7.3,7.8037,9.8,10.4762,25.4762,51.7,13.2,59.2,,,51.7,0,0.048,0.000,0.048,9.364,0.000,9.364,1.713,59.200,1.772,13.200,1.121,34.8123,271.66438,165595.30
53,31.43,32.91,321,3,Q,951.7/56.4/80.8,2.1/19.8,2.1/21.9,2.1,0,19.8,21.1662,0,0,2.1,19.8,21.1662,21.9,23.4111,38.4111,951.7,56.4,80.8,,,951.7,0,0.002,0.000,0.002,25.399,0.000,25.399,2.979,80.800,1.907,56.400,1.751,8.9824,190.12285,249672.15
54,31.9,30.53,327,4,HA,53.9/10.9/45.5/583.8,1.4/2.5/31.5,1.4/3.8/35.3,1.4,2.5,31.5,33.6735,0,0,3.9,31.5,33.6735,35.4,37.8426,52.8426,53.9,10.9,45.5,583.8,,53.9,10.9,0.026,0.229,0.255,40.408,0.000,40.408,1.732,583.800,2.766,10.900,1.037,41.6193,1401.46681,343476.90
55,30.88,29.62,370,3,H,166.2/35.5/3675.8,2.0/12.6,2.0/14.6,2,0,12.6,13.4694,0,0,2,12.6,13.4694,14.6,15.6074,30.6074,166.2,35.5,3675.8,,,166.2,0,0.012,0.000,0.012,16.163,0.000,16.163,2.221,3675.800,3.565,35.500,1.550,13.8337,186.33132,198948.10
56,30.77,30.14,143,3,H,201.4/16.8/108.7,1.5/7.0,1.5/8.5,1.5,0,7,7.483,0,0,1.5,7,7.483,8.5,9.0865,24.0865,201.4,16.8,108.7,,,201.4,0,0.007,0.000,0.007,8.980,0.000,8.980,2.304,108.700,2.036,16.800,1.225,27.7992,208.02120,156562.25
57,29.57,30.66,370,4,KH,211.5/397.6/18.3/177.6,0.9/2.2/12.3,0.9/3.1/15.4,0.9,2.2,12.3,13.1487,0,0,3.1,12.3,13.1487,15.4,16.4626,31.4626,211.5,397.6,18.3,177.6,,211.5,397.6,0.004,0.006,0.010,15.778,0.000,15.778,2.325,177.600,2.249,18.300,1.262,25.6676,337.49527,204506.90
58,29.82,28.4,372,4,KH,269.2/924.3/65.0/425.3,0.7/1.1/18.5,0.7/1.8/20.3,0.7,1.1,18.5,19.7765,0,0,1.8,18.5,19.7765,20.3,21.7007,36.7007,269.2,924.3,65,425.3,,269.2,924.3,0.003,0.001,0.004,23.732,0.000,23.732,2.430,425.300,2.629,65.000,1.813,7.8686,155.61325,238554.55
59,30.55,30.71,314,4,KH,131.1/1212.6/44.6/120.2,0.4/0.9/5.6,0.4/1.3/6.9,0.4,0.9,5.6,5.9864,0,0,1.3,5.6,5.9864,6.9,7.3761,22.3761,131.1,1212.6,44.6,120.2,,131.1,1213,0.003,0.001,0.004,7.184,0.000,7.184,2.118,120.200,2.080,44.600,1.649,11.1812,66.93508,145444.65
60,31.25,30.55,305,3,H,265.0/29.9/89.9,3.7/47.5,3.7/51.2,3.7,0,47.5,50.7775,0,0,3.7,47.5,50.7775,51.2,54.7328,69.7328,265,29.9,89.9,,,265,0,0.014,0.000,0.014,60.933,0.000,60.933,2.423,89.900,1.954,29.900,1.476,16.2363,824.43815,453263.20
61,30.05,29.58,356,4,KH,143.2/469.5/104.8/794.4,1.7/5.1/14.9,1.7/6.8/21.7,1.7,5.1,14.9,15.9281,0,0,6.8,14.9,15.9281,21.7,23.1973,38.1973,143.2,469.5,104.8,794.4,,143.2,469.5,0.012,0.011,0.023,19.114,0.000,19.114,2.156,794.400,2.900,104.800,2.020,5.0395,80.26893,248282.45
62,30.77,30.14,356,4,KH,98.9/453.6/102.0/533.9,1.2/4.8/14.3,1.2/6.0/20.3,1.2,4.8,14.3,15.2867,0,0,6,14.3,15.2867,20.3,21.7007,36.7007,98.9,453.6,102,533.9,,98.9,453.6,0.012,0.011,0.023,18.344,0.000,18.344,1.995,533.900,2.727,102.000,2.009,5.1684,79.00751,238554.55
63,31.01,29.79,338,4,HK,176.9/36.1/140.9/26.1,1.0/5.0/17.5,1.0/6.0/23.5,1,5,17.5,18.7075,0,0,6,17.5,18.7075,23.5,25.1215,40.1215,176.9,36.1,140.9,26.1,,176.9,36.1,0.006,0.139,0.144,22.449,0.000,22.449,2.248,26.100,1.417,36.100,1.558,13.6191,254.77888,260789.75
64,30.51,30.25,316,3,H,79.5/10.7/365.4,2.1/14.1,2.1/16.2,2.1,0,14.1,15.0729,0,0,2.1,14.1,15.0729,16.2,17.3178,32.3178,79.5,10.7,365.4,,,79.5,0,0.026,0.000,0.026,18.087,0.000,18.087,1.900,365.400,2.563,10.700,1.029,42.3445,638.25447,210065.70
65,31.82,31.45,397,4,HA,62.0/13.7/149.9/268.0,0.9/4.2/14.7,0.9/5.2/19.6,0.9,4.2,14.7,15.7143,0,0,5.1,14.7,15.7143,19.8,21.1662,36.1662,62,13.7,149.9,268,,62,13.7,0.015,0.307,0.321,18.857,0.000,18.857,1.792,268.000,2.428,13.700,1.137,33.6256,528.40280,235080.30
66,30.76,30.45,316,4,HA,37.1/4.6/369.1/95.2,0.5/3.9/37.3,0.5/4.5/41.9,0.5,3.9,37.3,39.8737,0,0,4.4,37.3,39.8737,41.7,44.5773,59.5773,37.1,4.6,369.1,95.2,,37.1,4.6,0.013,0.848,0.861,47.848,0.000,47.848,1.569,95.200,1.979,4.600,0.663,93.0672,3710.93431,387252.45
67,31.03,29.81,423,3,H,74.3/39.3/197.6,0.5/22.5,0.5/23.2,0.5,0,22.5,24.0525,0,0,0.5,22.5,24.0525,23,24.587,39.587,74.3,39.3,197.6,,,74.3,0,0.007,0.000,0.007,28.863,0.000,28.863,1.871,197.600,2.296,39.300,1.594,12.5817,302.62175,257315.50
68,31.15,32.27,326,4,KH,63.5/2220.7/30.9/1128.8,0.4/1.4/8.6,0.4/1.8/10.4,0.4,1.4,8.6,9.1934,0,0,1.8,8.6,9.1934,10.4,11.1176,26.1176,63.5,2220.7,30.9,1128.8,,63.5,2221,0.006,0.001,0.007,11.032,0.000,11.032,1.803,1128.800,3.053,30.900,1.490,15.7456,144.75558,169764.40
69,30.01,31.99,327,4,HK,480.9/537.2/116.0/2364,1.6/7.0/23.6,1.6/8.6/44.4,1.6,7,23.6,25.2284,0,0,8.6,23.6,25.2284,32.2,34.4218,49.4218,480.9,537.2,116,2364,,480.9,537.2,0.003,0.013,0.016,30.274,0.000,30.274,2.682,116.000,2.064,37.200,1.571,13.2430,334.10060,321241.70
70,31.88,30.07,337,3,H,77.5/22.6/249.4,1.2/21.4,1.2/22.6,1.2,0,21.4,22.8766,0,0,1.2,21.4,22.8766,22.6,24.1594,39.1594,77.5,22.6,249.4,,,77.5,0,0.015,0.000,0.015,27.452,0.000,27.452,1.889,249.400,2.397,22.500,1.352,21.1680,484.25284,254536.10
71,31.38,29.88,328,3,H,61.6/16.5/301.9,1.4/18.6,1.4/20.0,1.4,0,18.6,19.8834,0,0,1.4,18.6,19.8834,20,21.38,36.38,61.6,16.5,301.9,,,61.6,0,0.023,0.000,0.023,23.860,0.000,23.860,1.790,301.900,2.480,16.500,1.217,28.2704,562.11118,236470.00
72,30.98,29.35,364,4,KH,52.1/170.0/31.3/247.4,0.7/2.0/12.9,0.7/2.7/15.6,0.7,2,12.9,13.7901,0,0,2.7,12.9,13.7901,15.6,16.6764,31.6764,52.1,170,31.3,247.4,,52.1,170,0.013,0.012,0.025,16.548,0.000,16.548,1.717,247.400,2.393,31.300,1.496,15.5578,214.54377,205896.60
73,31.9,30.85,337,3,H,101.7/13.2/537.7,2.7/13.4,2.7/16.1,2.7,0,13.4,14.3246,0,0,2.7,13.4,14.3246,16.1,17.2109,32.2109,101.7,13.2,537.7,,,101.7,0,0.027,0.000,0.027,17.190,0.000,17.190,2.007,537.700,2.731,13.200,1.121,34.8123,498.67161,209370.85
74,31.13,30.09,321,3,H,86.3/22.6/369.5,1.2/8.4,1.2/9.7,1.2,0,8.4,8.9796,0,0,1.2,8.4,8.9796,9.6,10.2624,25.2624,86.3,22.6,369.5,,,86.3,0,0.014,0.000,0.014,10.776,0.000,10.776,1.936,369.500,2.568,22.600,1.354,21.0807,189.29587,164205.60
75,32.01,29.86,315,3,H,119.0/29.5/139.0,1.6/17.6,1.6/19.2,1.6,0,17.6,18.8144,0,0,1.6,17.6,18.8144,19.2,20.5248,35.5248,119,29.5,139,,,119,0,0.013,0.000,0.013,22.577,0.000,22.577,2.076,139.000,2.143,29.500,1.470,16.4416,309.33810,230911.20
76,29.71,29.88,317,4,KH,295.1/602/70/216.6,0.5/1.5/5.2,0.5/2.0/7.3,0.5,2,7.3,7.8037,0,0,2.5,7.3,7.8037,9.8,10.4762,25.4762,295.1,602,70,216.6,,295.1,602,0.002,0.003,0.005,9.364,0.000,9.364,2.470,216.600,2.336,70.000,1.845,7.3430,57.30267,165595.30
77,29.5,30.65,365,3,H,645.7/147.4/934.6,1.8/34.7,1.8/36.5,1.8,0,34.7,37.0943,0,0,1.8,34.7,37.0943,36.5,39.0185,54.0185,645.7,147.4,934.6,,,645.7,0,0.003,0.000,0.003,44.513,0.000,44.513,2.810,934.600,2.971,147.400,2.168,3.6660,135.98932,351120.25
78,29.85,28.45,318,3,H,80.6/23.1/151.5,0.9/13.2,0.9/14.1,0.9,0,13.2,14.1108,0,0,0.9,13.2,14.1108,14.1,15.0729,30.0729,80.6,23.1,151.5,,,80.6,0,0.011,0.000,0.011,16.933,0.000,16.933,1.906,151.500,2.180,23.100,1.364,20.6547,291.45438,195473.85
79,29.47,30.67,275,5,HA,407.3/51.8/375.2/55.8/497.6,1.5/2.6/4.6/21.0,1.5/4.1/8.7/29.8,1.5,2.6,4.6,4.9174,21,22.449,4.1,25.6,27.3664,29.7,31.7493,46.7493,407.3,51.8,375.2,55.8,497.6,407.3,51.8,0.004,0.050,0.054,5.901,3.929,9.829,2.610,497.600,2.697,51.800,1.714,9.7243,47.81833,303870.45
80,31.01,29.73,334,4,HK,143.7/25.4/176.2/25.2,1.3/7.1/13.4,1.3/8.4/21.8,1.3,7.1,13.4,14.3246,0,0,8.4,13.4,14.3246,21.8,23.3042,38.3042,143.7,25.4,176.2,25.2,,143.7,25.4,0.009,0.280,0.289,17.190,0.000,17.190,2.157,25.200,1.401,25.400,1.405,18.9045,270.79995,248977.30
81,29.34,32.32,334,4,KH,313.6/2146.6/21.8/418.4,0.4/0.7/3.8,0.4/1.1/4.8,0.4,0.7,3.8,4.0622,0,0,1.1,3.8,4.0622,4.9,5.2381,20.2381,313.6,2146.6,21.8,418.4,,313.6,2147,0.001,0.000,0.002,4.875,0.000,4.875,2.496,418.400,2.622,21.800,1.338,21.8014,88.56172,131547.65
82,31.01,29.73,336,4,HK,172.6/54.1/96.6/37.6,1.3/7.9/17.1,1.3/9.2/26.2,1.3,7.9,17.1,18.2799,0,0,9.2,17.1,18.2799,26.3,28.1147,43.1147,172.6,54.1,96.6,37.6,,172.6,54.1,0.008,0.146,0.154,21.936,0.000,21.936,2.237,37.600,1.575,54.100,1.733,9.3381,170.69961,280245.55
83,30.37,29.78,342,3,H,931.9/46.2/808.8,2.0/14.3,2.0/16.2,2,0,14.3,15.2867,0,0,2,14.3,15.2867,16.3,17.4247,32.4247,931.9,46.2,808.8,,,931.9,0,0.002,0.000,0.002,18.344,0.000,18.344,2.969,808.800,2.908,46.200,1.665,10.8195,165.39519,210760.55
84,31.4,31.3,296,4,HK,88.7/23.9/745.1/36.7,1.5/2.3/9.7,1.5/3.8/13.5,1.5,2.3,9.7,10.3693,0,0,3.8,9.7,10.3693,13.5,14.4315,29.4315,88.7,23.9,745.1,36.7,,88.7,23.9,0.017,0.096,0.113,12.443,0.000,12.443,1.948,36.700,1.565,23.900,1.378,20.0090,207.47972,191304.75
85,29.87,30.1,343,3,H,176.9/19.0/214.0,0.8/8.7,0.8/9.5,0.8,0,8.7,9.3003,0,0,0.8,8.7,9.3003,9.5,10.1555,25.1555,176.9,19,214,,,176.9,0,0.005,0.000,0.005,11.160,0.000,11.160,2.248,214.000,2.330,19.000,1.279,24.7843,230.50182,163510.75
86,29.97,29.97,335,3,H,156.6/30.9/404.1,1.6/19.9,1.6/21.5,1.6,0,19.9,21.2731,0,0,1.6,19.9,21.2731,21.5,22.9835,37.9835,156.6,30.9,404.1,,,156.6,0,0.010,0.000,0.010,25.528,0.000,25.528,2.195,404.100,2.606,30.900,1.490,15.7456,334.95767,246892.75
87,29.75,30.83,338,3,Q,457.5/140.2/220.4,3.4/8.5,3.4/11.9,3.4,0,8.5,9.0865,0,0,3.4,8.5,9.0865,11.9,12.7211,27.7211,457.5,140.2,220.4,,,457.5,0,0.007,0.000,0.007,10.904,0.000,10.904,2.660,220.400,2.343,140.200,2.147,3.8414,34.90461,180187.15
88,30.56,31.62,316,3,H,126.6/27.1/99.8,2.5/19.9,2.5/22.4,2.5,0,19.9,21.2731,0,0,2.5,19.9,21.2731,22.4,23.9456,38.9456,126.6,27.1,99.8,,,126.6,0,0.020,0.000,0.020,25.528,0.000,25.528,2.102,99.800,1.999,27.100,1.433,17.7959,378.57432,253146.40
89,29.82,32.27,331,3,H,159.8/877.5/152.7,0.9/2.4,0.9/3.3,0.9,0,2.4,2.5656,0,0,0.9,2.4,2.5656,3.3,3.5277,18.5277,159.8,877.5,152.7,,,159.8,0,0.006,0.000,0.006,3.079,0.000,3.079,2.204,152.700,2.184,152.700,2.184,3.5472,9.10071,120430.05
90,31.98,32.15,364,3,H,166.0/40.2/481.0,2.1/8.1,2.1/10.2,2.1,0,8.1,8.6589,0,0,2.1,8.1,8.6589,10.2,10.9038,25.9038,166,40.2,481,,,166,0,0.013,0.000,0.013,10.391,0.000,10.391,2.220,481.000,2.682,40.200,1.604,12.3188,106.66689,168374.70
91,32.05,31.89,304,3,H,564.9/36.3/1793.7,1.8/14.9,1.8/16.7,1.8,0,4.9,5.2381,0,0,1.8,4.9,5.2381,6.7,7.1623,22.1623,564.9,36.3,1793.7,,,564.9,0,0.003,0.000,0.003,6.286,0.000,6.286,2.752,1793.700,3.254,36.300,1.560,13.5491,70.97137,144054.95
92,30.38,32.11,330,4,KH,1176.1/98.8/218.1,0.7/1.2/7.9,0.7/1.9/9.8,0.7,1.2,7.9,8.4451,0,0,1.9,7.9,8.4451,9.8,10.4762,25.4762,1176.1,98.8,218.1,,,1176.1,98.8,0.001,0.012,0.013,10.134,0.000,10.134,3.070,218.100,2.339,98.800,1.995,5.3244,44.96481,165595.30
93,31.92,31.79,323,3,H,219.0/42.2/1677.2,1.5/14.8,1.5/16.3,1.5,0,14.8,15.8212,0,0,1.5,14.8,15.8212,16.3,17.4247,32.4247,219,42.2,1677.2,,,219,0,0.007,0.000,0.007,18.985,0.000,18.985,2.340,1677.200,3.225,42.200,1.625,11.7733,186.26717,210760.55
94,31.46,32.26,342,3,H,2524.2/533.2/2158.5,0.9/12.7,0.9/13.6,0.9,0,12.7,13.5763,0,0,0.9,12.7,13.5763,13.6,14.5384,29.5384,2524.2,533.2,2158.5,,,2524.2,0,0.000,0.000,0.000,16.292,0.000,16.292,3.402,2158.500,3.334,533.200,2.727,1.1049,15.00008,191999.60
95,31.71,28.3,268,3,H,117.2/14.0/99.3,0.8/29.3,0.8/30.2,0.8,0,29.3,31.3217,0,0,0.8,29.3,31.3217,30.1,32.1769,47.1769,117.2,14.1,99.3,,,117.2,0,0.007,0.000,0.007,37.586,0.000,37.586,2.069,99.300,1.997,14.000,1.146,32.9530,1032.14290,306649.85
96,32.07,28.01,335,3,H,250.9/101.6/682.7,3.0/10.6,3.0/13.6,3,0,10.6,11.3314,0,0,3,10.6,11.3314,13.6,14.5384,29.5384,250.9,101.6,682.7,,,250.9,0,0.012,0.000,0.012,13.598,0.000,13.598,2.400,682.700,2.834,101.600,2.007,5.1874,58.78006,191999.60
97,32.04,28.85,321,3,H,872.6/49.6/134.6,1.9/5.1,1.9/7.1,1.9,0,5.1,5.4519,0,0,1.9,5.1,5.4519,7,7.483,22.483,872.6,49.6,134.6,,,872.6,0,0.002,0.000,0.002,6.542,0.000,6.542,2.941,134.600,2.129,49.600,1.695,10.1261,55.20632,146139.50
98,32.06,28.44,321,3,H,184.7/26.2/175.3,1.6/12.0,1.6/13.6,1.6,0,12,12.828,0,0,1.6,12,12.828,13.6,14.5384,29.5384,184.7,26.2,175.3,,,184.7,0,0.009,0.000,0.009,15.394,0.000,15.394,2.266,175.300,2.244,26.200,1.418,18.3655,235.59283,191999.60
99,32.06,28.6,305,5,HKH,372.0/118.0/644.2/137.3/1544.2,1.4/4.6/10.6/17.6,1.4/6.0/16.6/34.2,1.4,4.6,10.6,11.3314,17.6,18.8144,6,28.2,30.1458,34.2,36.5598,51.5598,372,118,644.2,137.3,1544,372,118,0.004,0.039,0.043,13.598,3.293,16.890,2.571,1544.200,3.189,118.000,2.072,4.5115,51.12190,335138.70
100,30.8,28.92,408,4,HA,115.5/41.0/163.3/528.8,1.4/5.4/44.5,1.4/6.8/51.4,1.4,5.4,44.5,47.5705,0,0,6.8,44.5,47.5705,51.3,54.8397,69.8397,115.5,41,163.5,528.8,,115.5,41,0.012,0.132,0.144,57.085,0.000,57.085,2.063,528.800,2.723,41.000,1.613,12.0944,575.33616,453958.05
101,30.44,28.56,322,4,KH,171.1/380.6/96.5/450.1,1.3/2.6/8.7,1.3/3.9/12.6,1.3,2.6,8.7,9.3003,0,0,3.9,8.7,9.3003,12.6,13.4694,28.4694,171.1,380.6,96.5,450.1,,171.1,380.6,0.008,0.007,0.014,11.160,0.000,11.160,2.233,450.100,2.653,96.500,1.985,5.4427,50.61829,185051.10
102,30.9,29.24,379,3,H,205.4/49.5/17762.3,2.3/6.3,2.3/8.6,2.3,0,6.3,6.7347,0,0,2.3,6.3,6.7347,8.6,9.1934,24.1934,205.4,49.5,17762.3,,,205.4,0,0.011,0.000,0.011,8.082,0.000,8.082,2.313,17762.300,4.249,49.500,1.695,10.1452,68.32455,157257.10
103,31.09,28.58,331,3,H,197.5/43.4/346.6,5.5/26.0,5.5/31.5,5.5,0,26,27.794,0,0,5.5,26,27.794,31.5,33.6735,48.6735,197.5,43.4,346.6,,,197.5,0,0.028,0.000,0.028,33.353,0.000,33.353,2.296,346.600,2.540,43.400,1.637,11.4693,318.77821,316377.75
104,31.17,28.72,389,3,H,347.8/61.2/848.7,7.7/21.7,7.7/29.4,7.7,0,21.7,23.1973,0,0,7.7,21.7,23.1973,29.4,31.4286,46.4286,347.8,61.2,848.7,,,347.8,0,0.022,0.000,0.022,27.837,0.000,27.837,2.541,848.700,2.929,61.200,1.787,8.3234,193.08086,301785.90
105,30.55,28.7,354,3,H,372.0/50.2/805.3,2.9/40.1,2.9/43.1,2.9,0,40.1,42.8669,0,0,2.9,40.1,42.8669,43,45.967,60.967,372,50.2,805.3,,,372,0,0.008,0.000,0.008,51.440,0.000,51.440,2.571,805.300,2.906,50.200,1.701,10.0131,429.23166,396285.50
106,30.1,29.42,275,4,KH,235.7/422.4/75.3/593.9,0.8/1.5/26.3,2.3/28.6,0.8,1.5,26.3,28.1147,0,0,2.3,26.3,28.1147,28.6,30.5734,45.5734,235.7,422.4,75.3,593.9,,235.7,422.4,0.003,0.004,0.007,33.738,0.000,33.738,2.372,593.900,2.774,75.300,1.877,6.8597,192.85900,296227.10
107,31.24,28.11,326,4,HA,111.3/22.4/83.7/128.4,1.6/6.5/15.8,1.6/8.1/58.9,1.6,6.5,15.8,16.8902,0,0,8.1,15.8,16.8902,23.9,25.5491,40.5491,111.3,22.4,83.7,128.4,,111.3,22.4,0.014,0.290,0.305,20.268,0.000,20.268,2.046,128.400,2.109,22.400,1.350,21.2562,359.02116,263569.15
108,29.79,29.09,298,4,KH,273.2/330.6/55.4/856.7,1.3/3.7/8.0,1.3/5.0/13.1,1.3,3.7,8,8.552,0,0,5,8,8.552,13,13.897,28.897,273.2,330.6,55.4,856.7,,273.2,330.6,0.005,0.011,0.016,10.262,0.000,10.262,2.436,856.700,2.933,55.400,1.744,9.1335,78.10999,187830.50
109,29.7,28.25,354,3,H,32.7/21.0/827.9,1.8/16.8,1.8/18.7,1.8,0,16.8,17.9592,0,0,1.8,16.8,17.9592,18.6,19.8834,34.8834,32.7,21,827.9,,,32.7,21,0.055,0.000,0.055,21.551,0.000,21.551,1.515,827.900,2.918,21.000,1.322,22.5752,405.43224,226742.10
110,29.4,28.34,327,4,KH,290.7/263.0/71.5/270.4,0.5/1.1/23.1,0.5/1.6/54.6,0.5,1.1,23.1,24.6939,0,0,1.6,23.1,24.6939,24.7,26.4043,41.4043,290.7,263,71.5,270.4,,290.7,263,0.002,0.004,0.006,29.633,0.000,29.633,2.463,270.400,2.432,71.500,1.854,7.1992,177.77656,269127.95
111,30.4,28.24,343,4,AK,240.2/336.0/388.5/665.3,2.8/23.9/13.3,2.8/26.8/60.1,2.8,23.9,13.3,14.2177,0,0,26.7,13.3,14.2177,40,42.76,57.76,240.2,336,388.5,665.3,,240.2,336,0.012,0.071,0.083,17.061,0.000,17.061,2.381,665.300,2.823,936.000,2.971,0.6536,9.29333,375440.00
112,30.23,28.07,343,4,H,90.4/15.6/9086.7,2.2/4.4,2.2/6.6,2.2,0,4.4,4.7036,0,0,2.2,4.4,4.7036,6.6,7.0554,22.0554,90.4,15.6,9086.7,,,90.4,0,0.024,0.000,0.024,5.644,0.000,5.644,1.956,9086.700,3.958,15.600,1.193,29.7889,140.11514,143360.10
113,30.9,28.24,310,3,H,718.8/95.5/2779.1,3.8/10.7,3.8/14.5,3.8,0,10.7,11.4383,0,0,3.8,10.7,11.4383,14.5,15.5005,30.5005,718.8,95.5,2779.1,,,718.8,0,0.005,0.000,0.005,13.726,0.000,13.726,2.857,2779.100,3.444,95.500,1.980,5.4958,62.86256,198253.25
114,31.08,28.37,341,3,H,99.6/21.2/592.7,1.9/12.4,1.9/14.4,1.9,0,12.4,13.2556,0,0,1.9,12.4,13.2556,14.3,15.2867,30.2867,99.6,21.2,592.7,,,99.6,0,0.019,0.000,0.019,15.907,0.000,15.907,1.998,592.700,2.773,21.200,1.326,22.3765,296.61330,196863.55
115,29.74,28.73,329,3,H,210.4/26.8/1023.4,3.0/8.0,3.0/10.9,3,0,8,8.552,0,0,3,8,8.552,11,11.759,26.759,210.4,26.8,1023.4,,,210.4,0,0.014,0.000,0.014,10.262,0.000,10.262,2.323,1023.400,3.010,26.800,1.428,17.9817,153.77928,173933.50
116,35.6,28.18,342,4,KH,104.1/823.3/162.6/772.5,0.8/2.5/18.8,0.8/3.5/22.2,0.8,2.5,18.8,20.0972,0,0,3.3,18.8,20.0972,22.1,23.6249,38.6249,104.1,823.3,162.6,772.5,,104.1,823.3,0.008,0.003,0.011,24.117,0.000,24.117,2.017,772.500,2.888,162.600,2.211,3.3453,67.23155,251061.85
117,35.85,29.11,403,3,H,93/25.2/147.6,12.6/25,12.6/37.6,12.6,0,25,26.725,0,0,12.6,25,26.725,37.6,40.1944,55.1944,93,25.2,147.6,,,93,0,0.135,0.000,0.135,32.070,0.000,32.070,1.968,147.600,2.169,125.200,2.098,4.2690,114.08974,358763.60
118,35.28,29.29,350,3,H,960.8/319.0/482.2,1.3/12.7,1.3/14.0,1.3,0,14,14.966,0,0,1.3,14,14.966,15.3,16.3557,31.3557,960.8,319,395.8,,,960.8,0,0.001,0.000,0.001,17.959,0.000,17.959,2.983,482.200,2.683,319.000,2.504,1.7841,26.70126,203812.05
119,35.31,29.22,340,3,H,464.2/170.8/395.8,2.2/28.3,2.2/30.5,2.2,0,30.5,32.6045,0,0,2.2,30.5,32.6045,32.7,34.9563,49.9563,464.2,170.8,395.8,,,464.2,0,0.005,0.000,0.005,39.125,0.000,39.125,2.667,395.800,2.597,170.800,2.232,3.1953,104.17968,324715.95
120,34.6,28.55,355,4,KH,183.0/892.3/91.6/479.4,6.1/13.2/17.4,6.1/19.3/35.8,6.1,13.2,17.4,18.6006,0,0,19.3,17.4,18.6006,36.7,39.2323,54.2323,183,892.3,91.6,479.4,,183,892.3,0.033,0.015,0.048,22.321,0.000,22.321,2.262,479.400,2.681,91.600,1.962,5.7138,106.27941,352509.95
121,35.26,31.32,309.6,3,H,111.1/30.6/245.3,10.5/25,10.5/35.5,10.5,0,25,26.725,0,0,10.5,25,26.725,35.5,37.9495,52.9495,111.1,30.6,245.3,,,111.1,0,0.095,0.000,0.095,32.070,0.000,32.070,2.046,245.300,2.390,30.600,1.486,15.8896,424.64823,344171.75
122,35.76,28.89,306,3,H,586.5/55.6/646.1,2.0/2.7,2.0/4.7,2,0,2.7,2.8863,0,0,2,2.7,2.8863,4.7,5.0243,20.0243,586.5,55.6,646.1,,,586.5,0,0.003,0.000,0.003,3.464,0.000,3.464,2.768,646.100,2.810,55.600,1.745,9.1029,26.27365,130157.95
123,35.87,29.47,357,4,KH,64.8/307.6/156.0/712.6,0.4/0.8/12.1,0.4/1.2/13.2,0.4,0.8,12.1,12.9349,0,0,1.2,12.1,12.9349,13.3,14.2177,29.2177,64.8,307.6,156,712.6,,64.8,307.6,0.006,0.003,0.009,15.522,0.000,15.522,1.812,712.600,2.853,156.000,2.193,3.4772,44.97672,189915.05
124,32.57,30.48,309,3,H,100.7/32.6/67.0,1.1/19.5,1.1/20.6,1.1,0,19.5,20.8455,0,0,1.1,19.5,20.8455,20.6,22.0214,37.0214,100.7,32.6,67,,,100.7,0,0.011,0.000,0.011,25.015,0.000,25.015,2.003,67.000,1.826,32.600,1.513,14.9783,312.23002,240639.10
125,33.67,29.99,201,3,H,60.8/10.1/231.5,12.7/24,12.7/36.7,12.7,0,24,25.656,0,0,12.7,24,25.656,36.7,39.2323,54.2323,60.8,10.1,231.5,,,60.8,0,0.209,0.000,0.209,30.787,0.000,30.787,1.784,231.500,2.365,10.100,1.004,44.6865,1146.47597,352509.95
126,32.66,30.17,292,3,H,84.2/17.6/50.8,2.3/11.7,2.3/14.0,2.3,0,11.7,12.5073,0,0,2.3,11.7,12.5073,14,14.966,29.966,84.2,17.6,50.8,,,84.2,0,0.027,0.000,0.027,15.009,0.000,15.009,1.925,50.800,1.706,17.600,1.246,26.6186,332.92707,194779.00
127,32.59,30.16,310,3,H,45.9/14.4/825.9,3.0/24.0,3.0/27.0,3,0,24,25.656,0,0,3,24,25.656,27,28.863,43.863,45.9,14.4,825.9,,,45.9,0,0.065,0.000,0.065,30.787,0.000,30.787,1.662,825.900,2.917,14.400,1.158,32.0983,823.51361,285109.50
128,33.43,29.59,303,3,H,38.7/6.2/181.3,12.3/26,12.3/38.3,12.3,0,26,27.794,0,0,12.3,26,27.794,38.3,40.9427,55.9427,38.7,6.2,181.3,,,38.7,0,0.318,0.000,0.318,33.353,0.000,33.353,1.588,181.300,2.258,6.200,0.792,70.4483,1958.03942,363627.55
129,32.88,30.26,308,3,H,114.2/21.8/635.2,2.6/9.3,2.6/11.9,2.6,0,9.3,9.9417,0,0,2.6,9.3,9.9417,11.9,12.7211,27.7211,114.2,21.8,635.2,,,114.2,0,0.023,0.000,0.023,11.930,0.000,11.930,2.058,635.200,2.803,21.800,1.338,21.8014,216.74316,180187.15
130,33.16,29.81,428,4,KH,30.7/224.4/22.3/217.0,0.5/9.5/17.3,0.5/10/27.3,0.5,9.5,17.3,18.4937,0,0,10,17.3,18.4937,27.3,29.1837,44.1837,30.7,224.4,22.3,217,,30.7,224.4,0.016,0.042,0.059,22.192,0.000,22.192,1.487,217.000,2.336,22.300,1.348,21.3451,394.74960,287194.05
131,33.76,30.31,273,3,H,81.2/19.6/204.2,4.5/27.4,4.5/31.9,4.5,0,27.4,29.2906,0,0,4.5,27.4,29.2906,31.9,34.1011,49.1011,81.2,19.6,204.2,,,81.2,0,0.055,0.000,0.055,35.149,0.000,35.149,1.910,204.200,2.310,19.600,1.292,24.0759,705.19651,319157.15
132,32.46,29.48,338,3,H,56.5/14.0/34.5,4.2/25,4.2/29.2,4.2,0,25,26.725,0,0,4.2,25,26.725,29.2,31.2148,46.2148,56.5,14,34.5,,,56.5,0,0.074,0.000,0.074,32.070,0.000,32.070,1.752,34.500,1.538,14.000,1.146,32.9530,880.66800,300396.20
133,33.22,29.28,331,3,H,135.0/20.7/393.2,1.3/13.6,1.3/14.8,1.3,0,13.6,14.5384,0,0,1.3,13.6,14.5384,14.9,15.9281,30.9281,135,20.7,393.2,,,135,0,0.010,0.000,0.010,17.446,0.000,17.446,2.130,393.200,2.595,20.700,1.316,22.8802,332.64202,201032.65
134,33.01,29.89,318,4,KH,65/81.7/115.5/65.6/142.9,1.0/4.6/23.4/27.6,1/5.6/29/56.6,1,4.6,23.4,25.0146,27.6,29.5044,5.6,51,54.519,56.6,60.5054,75.5054,65,81.7,115.5,65.6,142.9,65,81.7,0.015,0.056,0.072,30.018,5.163,35.181,1.813,142.900,2.155,41.700,1.620,11.9049,297.79621,490785.10
135,32.42,30.95,327,4,HK,61.5/14.3/249.7/33.9,1.0/6.0/15.6,1.0/7.0/22.6,1,6,15.6,16.6764,0,0,7,15.6,16.6764,22.6,24.1594,39.1594,61.5,14.3,249.7,33.9,,61.5,14.3,0.016,0.420,0.436,20.012,0.000,20.012,1.789,33.900,1.530,14.300,1.155,32.3076,538.77484,254536.10
136,32.72,29.95,307,3,H,71.2/33.0/1030.6,10.0/26.0,10.0/36,10,0,26,27.794,0,0,10,26,27.794,36,38.484,53.484,71.2,33,1030.6,,,71.2,0,0.140,0.000,0.140,33.353,0.000,33.353,1.852,1030.600,3.013,33.000,1.519,14.8089,411.59758,347646.00
137,33.37,29.75,331,3,H,104.9/9.2/382.7,2.1/36.5,2.1/38.6,2.1,0,36.5,39.0185,0,0,2.1,36.5,39.0185,38.6,41.2634,56.2634,104.9,9.2,382.7,,,104.9,0,0.020,0.000,0.020,46.822,0.000,46.822,2.021,382.700,2.583,19.200,1.283,24.5434,957.64777,365712.10
138,32.36,30.45,309,4,HA,23.1/12.0/89.2/182.2,0.7/2.3/28.5,0.7/3.1/31.6,0.7,2.3,28.5,30.4665,0,0,3,28.5,30.4665,31.5,33.6735,48.6735,23.1,12,89.2,182.2,,23.1,12,0.030,0.192,0.222,36.560,0.000,36.560,1.364,182.200,2.261,12.000,1.079,38.0491,1159.22314,316377.75
139,32.65,29.83,326,3,H,104/9.2/68.0,2.1/23.1,2.1/25.2,2.1,0,23.1,24.6939,0,0,2.1,23.1,24.6939,25.2,26.9388,41.9388,104,9.2,68,,,104,0,0.020,0.000,0.020,29.633,0.000,29.633,2.017,68.000,1.833,9.200,0.964,48.7514,1203.86172,272602.20
140,32.19,29.52,338,3,H,94.3/12.3/34.9,1.4/27.2,1.4/28.6,1.4,0,27.2,29.0768,0,0,1.4,27.2,29.0768,28.6,30.5734,45.5734,94.3,12.3,34.9,,,94.3,0,0.015,0.000,0.015,34.892,0.000,34.892,1.975,34.900,1.543,12.300,1.090,37.1827,1081.15396,296227.10
141,32.95,30.17,302,3,H,55.2/14.5/251.1,2.4/25,2.4/27.4,2.4,0,25,26.725,0,0,2.4,25,26.725,27.4,29.2906,44.2906,55.2,14.5,251.1,,,55.2,0,0.043,0.000,0.043,32.070,0.000,32.070,1.742,251.100,2.400,14.500,1.161,31.8917,852.30673,287888.90
142,32.78,30.55,296,3,H,106.7/22.1/82.5,0.9/27.7,0.9/28.6,0.9,0,27.7,29.6113,0,0,0.9,27.7,29.6113,28.6,30.5734,45.5734,106.7,22.1,82.5,,,106.7,0,0.008,0.000,0.008,35.534,0.000,35.534,2.028,82.500,1.916,22.100,1.344,21.5252,637.38986,296227.10
143,32.54,29.67,319,4,HA,51.6/19.0/104.0/76.1,0.8/5.0/19.8,0.8/5.8/25.6,0.8,5,19.8,21.1662,0,0,5.8,19.8,21.1662,25.6,27.3664,42.3664,51.6,19,104,76.1,,51.6,19,0.016,0.263,0.279,25.399,0.000,25.399,1.713,76.100,1.881,19.000,1.279,24.7843,524.59034,275381.60
144,33.1,29.43,323,4,KA,20.1/76.5/69.5/132.9,0.5/1.2/2.7,5.0/7.6/28.4,0.5,1.2,2.7,2.8863,0,0,1.7,2.7,2.8863,4.4,4.7036,19.7036,20.1,76.5,69.5,132.9,,20.1,76.5,0.025,0.016,0.041,3.464,0.000,3.464,1.303,132.900,2.124,9.500,0.978,47.3137,136.56163,128073.40
145,32.96,29.41,183,3,H,52.6/14.3/68.2,1.1/16.9,1.1/18.0,1.1,0,16.9,18.0661,0,0,1.1,16.9,18.0661,18,19.242,34.242,52.6,14.3,68.2,,,52.6,0,0.021,0.000,0.021,21.679,0.000,21.679,1.721,68.200,1.834,14.300,1.155,32.3076,583.67274,222573.00
146,32.97,29.12,303,3,H,69.5/20.0/310.2,1.1/16.1,1.1/17.2,1.1,0,16.1,17.2109,0,0,1.1,16.1,17.2109,17.2,18.3868,33.3868,69.5,20,310.2,,,69.5,0,0.016,0.000,0.016,20.653,0.000,20.653,1.842,310.200,2.492,20.000,1.301,23.6264,406.63138,217014.20
147,33.2,30.01,308,4,KH,460.9/886.7/21.3/1549.6,0.5/16.3/18.8,0.5/16.8/35.6,0.5,16.3,18.8,20.0972,0,0,16.8,18.8,20.0972,35.6,38.0564,53.0564,460.9,886.7,21.3,1549.6,,460.9,886.7,0.001,0.018,0.019,24.117,0.000,24.117,2.664,1549.600,3.190,21.300,1.328,22.2784,447.73426,344866.60
148,33.74,30.5,292,3,H,42.9/19.0/75.4,10.2/29.7,10.2/39.9,10.2,0,29.7,31.7493,0,0,10.2,29.7,31.7493,39.9,42.6531,57.6531,42.9,19,75.4,,,42.9,0,0.238,0.000,0.238,38.099,0.000,38.099,1.632,75.400,1.877,19.000,1.279,24.7843,786.88551,374745.15
149,32.71,29.36,285,5,HK,29.1/1362.7/302.4/264/217.2,0.5/3.8/7.0/9.7,0.5/4.3/11.3/21.3,0.5,3.8,7,7.483,9.7,10.3693,4.3,16.7,17.8523,21,22.449,37.449,29.1,1362.7,302.4,264,217.2,29.1,302.4,0.017,0.013,0.030,8.980,1.815,10.794,1.464,217.200,2.337,302.400,2.481,1.8753,14.03304,243418.50
150,32.82,29.1,289,3,H,124.2/15.7/165.4,1.5/22,1.5/23.5,1.5,0,22,23.518,0,0,1.5,22,23.518,23.5,25.1215,40.1215,124.2,15.7,165.4,,,124.2,0,0.012,0.000,0.012,28.222,0.000,28.222,2.094,165.400,2.219,15.700,1.196,29.6119,696.41230,260789.75
151,32.91,29.34,326,4,HK,129.1/21.0/263.9/38.2,1.1/6.4/19.3,1.1/7.6/26.9,1.1,6.4,19.3,20.6317,0,0,7.5,19.3,20.6317,26.8,28.6492,43.6492,129.1,21,263.9,38.2,,129.1,263.9,0.009,0.024,0.033,24.758,0.000,24.758,2.111,38.200,1.582,21.000,1.322,22.5752,465.76442,283719.80
152,32.3,29.56,338,3,H,68.8/16.8/53.3,1.0/17.1,1.0/18.2,1,0,17.1,18.2799,0,0,1,17.1,18.2799,18.1,19.3489,34.3489,68.8,16.8,53.3,,,68.8,0,0.015,0.000,0.015,21.936,0.000,21.936,1.838,53.300,1.727,16.800,1.225,27.7992,508.16608,223267.85
153,32.36,29.48,339,3,H,109.2/83.1/177.2,6.5/27,6.5/33.3,6.5,0,27,28.863,0,0,6.5,27,28.863,33.5,35.8115,50.8115,109.2,83.1,177.2,,,109.2,0,0.060,0.000,0.060,34.636,0.000,34.636,2.038,177.200,2.248,83.100,1.920,6.2571,180.59976,330274.75
154,33.01,30.09,309,3,H,81.0/15.4/283.3,0.7/14.1,0.7/14.8,0.7,0,14.1,15.0729,0,0,0.7,14.1,15.0729,14.8,15.8212,30.8212,81,15.4,283.3,,,81,0,0.009,0.000,0.009,18.087,0.000,18.087,1.908,283.300,2.452,15.400,1.188,30.1496,454.44254,200337.80
155,33.69,29.59,310,3,H,224.9/112.1/562.0,0.5/13.5/12.8,0.5/14/27.3,0.5,13.5,12.8,13.6832,0,0,14,12.8,13.6832,26.8,28.6492,43.6492,224.9,112.1,562,,,224.9,112.1,0.002,0.120,0.123,16.420,0.000,16.420,2.352,562.000,2.750,112.100,2.050,4.7326,64.75767,283719.80
156,33.51,30.05,286,3,H,149.1/25.9/226.6,1.3/20.3,1.3/21.5,1.3,0,20.3,21.7007,0,0,1.3,20.3,21.7007,21.6,23.0904,38.0904,149.1,25.9,226.6,,,149.1,0,0.009,0.000,0.009,26.041,0.000,26.041,2.173,226.600,2.355,25.900,1.413,18.5639,402.84914,247587.60
157,33.85,29.76,321,4,QH,117.7/35.1/7.0/246.6,0.8/13.9/17.0,0.8/14.7/31.7,0.8,13.9,17,18.173,0,0,14.7,17,18.173,31.7,33.8873,48.8873,117.7,35.1,7,246.6,,117.7,35.1,0.007,0.396,0.403,21.808,0.000,21.808,2.071,246.600,2.392,27.000,1.431,17.8574,324.52240,317767.45
158,32.16,29.97,321,3,H,241.7/37.7/216.1,2.6/28.2,2.6/30.9,2.6,0,28.2,30.1458,0,0,2.6,28.2,30.1458,30.8,32.9252,47.9252,241.7,37.7,216.1,,,241.7,0,0.011,0.000,0.011,36.175,0.000,36.175,2.383,216.100,2.335,37.700,1.576,13.0791,394.28062,311513.80
159,34.78,31.93,321,4,AH,1352.3/230.2/940.3,1.9/2.4/,1.9/34.3/93.9,1.9,0,2.4,2.5656,0,0,1.9,2.4,2.5656,4.3,4.5967,19.5967,1352.3,230.2,940.3,,,1352.3,0,0.001,0.000,0.001,3.079,0.000,3.079,3.131,940.300,2.973,230.200,2.362,2.4188,6.20559,127378.55
160,34.55,30.25,257,3,H,248.0/46.3/274.8,1.4/24.8,1.4/26.2,1.4,0,24.8,26.5112,0,0,1.4,24.8,26.5112,26.2,28.0078,43.0078,248,46.3,274.8,,,248,0,0.006,0.000,0.006,31.813,0.000,31.813,2.394,274.800,2.439,46.300,1.666,10.7977,286.26127,279550.70
161,32.26,31.94,308,3,H,360.7/43.0/793.5,1.7/11.6,1.7/13.3,1.7,0,11.6,12.4004,0,0,1.7,11.6,12.4004,13.3,14.2177,29.2177,360.7,43,793.5,,,360.7,0,0.005,0.000,0.005,14.880,0.000,14.880,2.557,793.500,2.900,43.000,1.633,11.5688,143.45789,189915.05
162,33.69,32.61,310,4,AK,336.3/255.3/1185.3/176.0,1.2/22.4/9.0,1.2/23.6/32.6,1.2,22.4,9,9.621,0,0,23.6,9,9.621,32.6,34.8494,49.8494,336.3,255.3,1185.3,176,,336.3,255.3,0.004,0.088,0.091,11.545,0.000,11.545,2.527,176.000,2.246,255.300,2.407,2.1962,21.12945,324021.10
163,32.69,32.18,310,3,K,212.6/82.8/183.9,1.7/10.0,1.7/11.7,1.7,0,10,10.69,0,0,1.7,10,10.69,11.7,12.5073,27.5073,212.6,82.8,183.9,,,212.6,0,0.008,0.000,0.008,12.828,0.000,12.828,2.328,183.900,2.265,82.800,1.918,6.2783,67.11484,178797.45
164,32.47,31.56,351,3,A,22.7/68.8/755.7,1.1/11.3,1.1/12.4,1.1,0,11.3,12.0797,0,0,1.1,11.3,12.0797,12.4,13.2556,28.2556,22.7,68.8,755.7,,,22.7,0,0.048,0.000,0.048,14.496,0.000,14.496,1.356,755.700,2.878,68.800,1.838,7.4624,90.14375,183661.40
165,34.08,31.55,278,3,H,389.1/63.6/466.6,1.5/12.9,1.5/14.5,1.5,0,12.9,13.7901,0,0,1.5,12.9,13.7901,14.4,15.3936,30.3936,389.1,63.6,466.6,,,389.1,0,0.004,0.000,0.004,16.548,0.000,16.548,2.590,466.600,2.669,63.600,1.803,8.0300,110.73518,197558.40
166,33.37,31.42,294,3,H,118.8/14.1/442.2,8.0/27.8,8.0/35.8,8,0,27.8,29.7182,0,0,8,27.8,29.7182,35.8,38.2702,53.2702,118.8,14.1,442.2,,,118.8,0,0.067,0.000,0.067,35.662,0.000,35.662,2.075,442.200,2.646,14.100,1.149,32.7349,972.82238,346256.30
167,35.04,31.89,335,3,H,154.0/101.5/358.3,1.0/17.2,1.0/18.3,1,0,17.2,18.3868,0,0,1,17.2,18.3868,18.2,19.4558,34.4558,154,101.5,358.3,,,154,0,0.006,0.000,0.006,22.064,0.000,22.064,2.188,358.300,2.554,101.600,2.007,5.1874,95.37897,223962.70
168,32.19,31.84,293,3,H,633.9/45.8/411.4,2.0/8.0,2.0/10.0,2,0,8,8.552,0,0,2,8,8.552,10,10.69,25.69,633.9,45.8,411.4,,,633.9,0,0.003,0.000,0.003,10.262,0.000,10.262,2.802,411.400,2.614,45.800,1.661,10.9077,93.28239,166985.00
169,35.65,31,318,3,H,178.8/23.7/110.0,2.3/16.5,2.3/18.8,2.3,0,16.5,17.6385,0,0,2.3,16.5,17.6385,18.8,20.0972,35.0972,178.8,23.7,110,,,178.8,0,0.013,0.000,0.013,21.166,0.000,21.166,2.252,110.000,2.041,23.700,1.375,20.1665,355.70688,228131.80
170,34.8,30.26,298,3,H,116.5/33.3/2906.3,3.8/17.2,3.8/21.0,3.8,0,17.2,18.3868,0,0,3.8,17.2,18.3868,21,22.449,37.449,116.5,33.3,2906.3,,,116.5,0,0.033,0.000,0.033,22.064,0.000,22.064,2.066,2906.300,3.463,33.300,1.522,14.6844,269.99866,243418.50
171,32.93,32.46,339,3,H,1229.8/84.4/7522.9,1.8/18.4,1.8/20.2,1.8,0,18.4,19.6696,0,0,1.8,18.4,19.6696,20.2,21.5938,36.5938,1229.8,84.4,7522.9,,,1229.8,0,0.001,0.000,0.001,23.604,0.000,23.604,3.090,7522.900,3.876,84.400,1.926,6.1672,121.30609,237859.70
172,35.03,32.15,332,3,H,942.1/32.9/361.6,1.6/32.8,1.6/34.4,1.6,0,32.8,35.0632,0,0,1.6,32.8,35.0632,34.4,36.7736,51.7736,942.1,32.9,361.6,,,942.1,0,0.002,0.000,0.002,42.076,0.000,42.076,2.974,361.600,2.558,32.900,1.517,14.8508,520.71827,336528.40
173,35.37,31.87,333,3,H,882.3/48.9/1572.5,1.7/13.5,1.7/15.2,1.7,0,13.5,14.4315,0,0,1.7,13.5,14.4315,15.2,16.2488,31.2488,882.3,48.9,1572.5,,,882.3,0,0.002,0.000,0.002,17.318,0.000,17.318,2.946,1572.500,3.197,48.900,1.689,10.2612,148.08484,203117.20
174,34.98,30.34,302,3,H,1052.2/36.9/278.1,12.3/9.2,12.3/21.5,12.3,0,9.2,9.8348,0,0,12.3,9.2,9.8348,21.5,22.9835,37.9835,1052.2,36.9,278.1,,,1052.2,0,0.012,0.000,0.012,11.802,0.000,11.802,3.022,278.100,2.444,36.900,1.567,13.3434,131.23010,246892.75
175,34.76,32.14,305,3,A,13.7/9.5/169.2,1.1/22.2,1.1/23.3,1.1,0,22.2,23.7318,0,0,1.1,22.2,23.7318,23.3,24.9077,39.9077,13.7,9.5,169.2,,,13.7,0,0.080,0.000,0.080,28.478,0.000,28.478,1.137,169.200,2.228,9.500,0.978,47.3137,1122.84003,259400.05
176,35.15,30.92,310,3,H,83.7/22.4/529.3,2.1/8.8,2.1/11.0,2.1,0,8.8,9.4072,0,0,2.1,8.8,9.4072,10.9,11.6521,26.6521,83.7,22.4,529.3,,,83.7,0,0.025,0.000,0.025,11.289,0.000,11.289,1.923,529.300,2.724,22.400,1.350,21.2562,199.96115,173238.65
177,35.42,31.8,298,4,HA,55.7/7.7/80.8/303.3,1.1/1.8/37.9,1.1/2.8/40.7,1.1,1.8,37.9,40.5151,0,0,2.9,37.9,40.5151,40.8,43.6152,58.6152,55.7,7.7,80.8,303.3,,55.7,7.7,0.020,0.234,0.254,48.618,0.000,48.618,1.746,303.300,2.482,7.700,0.886,57.5562,2331.89446,380998.80
178,35.42,31.8,324,4,HA,50.0/12.4/118.8/122.5,1.7/4.3/20.0,1.1/6.0/26.0,1.7,4.3,20,21.38,0,0,6,20,21.38,26,27.794,42.794,50,12.4,118.8,122.5,,50,12.4,0.034,0.347,0.381,25.656,0.000,25.656,1.699,122.500,2.088,12.400,1.093,36.9029,788.98413,278161.00
179,35.12,30.36,332,3,H,541.6/37.2/3575.4,1.3/13.9,1.3/15.2,1.3,0,13.9,14.8591,0,0,1.3,13.9,14.8591,15.2,16.2488,31.2488,541.6,37.2,3575.4,,,541.6,0,0.002,0.000,0.002,17.831,0.000,17.831,2.734,3575.400,3.553,37.200,1.571,13.2430,196.77959,203117.20
180,33.2,32.21,314,4,HA,128.3/43.6/329.5/471.7,1.1/18.6/7.4,1.1/19.7/27,1.1,18.6,7.4,7.9106,0,0,19.7,7.4,7.9106,27.1,28.9699,43.9699,128.3,43.6,329.5,471.7,,128.3,43.6,0.009,0.427,0.435,9.493,0.000,9.493,2.108,471.700,2.674,43.600,1.639,11.4202,90.34089,285804.35
181,35.04,30.22,334,4,H,365.2/31.8/102.3/451.9,1.4/2.1/7.4,1.4/3.5/10.9,1.4,2.1,7.4,7.9106,0,0,3.5,7.4,7.9106,10.9,11.6521,26.6521,365.2,31.8,102.3,451.9,,365.2,31.8,0.004,0.066,0.070,9.493,0.000,9.493,2.563,451.900,2.655,31.800,1.502,15.3295,121.26555,173238.65
182,32.12,31.37,300,3,H,703.1/35.8/1648.0,12.1/9.7,12.1/21.8,12.1,0,9.7,10.3693,0,0,12.1,9.7,10.3693,21.8,23.3042,38.3042,703.1,35.8,1648,,,703.1,0,0.017,0.000,0.017,12.443,0.000,12.443,2.847,1648.000,3.217,35.800,1.554,13.7255,142.32391,248977.30
183,33.78,31.82,285,3,H,44.1/28.5/270.5,1.0/28.0,1.0/28.9,1,0,28,29.932,0,0,1,28,29.932,29,31.001,46.001,44.1,28.5,270.5,,,44.1,0,0.023,0.000,0.023,35.918,0.000,35.918,1.644,270.500,2.432,8.500,0.929,52.4865,1571.02464,299006.50
184,32.82,32.45,300,3,H,700.6/67.6/370.4,3.1/12.8,3.1/15.9,3.1,0,12.8,13.6832,0,0,3.1,12.8,13.6832,15.9,16.9971,31.9971,700.6,67.6,370.4,,,700.6,0,0.004,0.000,0.004,16.420,0.000,16.420,2.845,370.400,2.569,67.600,1.830,7.5859,103.79958,207981.15
185,35.15,31.67,314,3,H,160.8/54.9/162.4,0.9/12.0,0.9/12.8,0.9,0,12,12.828,0,0,0.9,12,12.828,12.9,13.7901,28.7901,160.8,54.9,162.4,,,160.8,0,0.006,0.000,0.006,15.394,0.000,15.394,2.206,162.400,2.211,54.900,1.740,9.2111,118.16009,187135.65
186,33.85,33.05,356,3,H,130.1/107.1/2933.6,2.3/24.9,2.3/27.2,2.3,0,24.9,26.6181,0,0,2.3,24.9,26.6181,27.2,29.0768,44.0768,130.1,107.1,2933.6,,,130.1,0,0.018,0.000,0.018,31.942,0.000,31.942,2.114,2933.600,3.467,107.100,2.030,4.9384,131.45153,286499.20
187,35.21,30.49,308,4,HK,111.7/48.0/255.7/80.3,1.0/4.1/26.6,1.0/5.1/31.8,1,4.1,26.6,28.4354,0,0,5.1,26.6,28.4354,31.7,33.8873,48.8873,111.7,48,255.7,80.3,,111.7,48,0.009,0.085,0.094,34.122,0.000,34.122,2.048,80.300,1.905,48.000,1.681,10.4406,296.88222,317767.45
188,32.28,32.17,321,3,H,1344.7/116.8/190.5,2.4/13.2,2.4/15.6,2.4,0,13.2,14.1108,0,0,2.4,13.2,14.1108,15.6,16.6764,31.6764,1344.7,116.8,190.5,,,1344.7,0,0.002,0.000,0.002,16.933,0.000,16.933,3.129,190.500,2.280,116.800,2.067,4.5547,64.27115,205896.60
189,33.6,30.94,284,3,H,147.8/17.7/263.6,2.2/26.5,2.2/28.6,2.2,0,26.5,28.3285,0,0,2.2,26.5,28.3285,28.7,30.6803,45.6803,147.8,17.7,263.6,,,147.8,0,0.015,0.000,0.015,33.994,0.000,33.994,2.170,263.600,2.421,17.700,1.248,26.4783,750.09072,296921.95
190,35.08,31.05,310,3,H,143.1/31.9/935.4,1.4/9.8,1.4/11.3,1.4,0,9.8,10.4762,0,0,1.4,9.8,10.4762,11.2,11.9728,26.9728,143.1,31.9,935.4,,,143.1,0,0.010,0.000,0.010,12.571,0.000,12.571,2.156,935.400,2.971,31.900,1.504,15.2847,160.12526,175323.20
191,34.23,30.14,276,3,H,141.5/44.8/305.7,2.3/22.9,2.3/25.2,2.3,0,22.9,24.4801,0,0,2.3,22.9,24.4801,25.2,26.9388,41.9388,141.5,44.8,305.7,,,141.5,0,0.016,0.000,0.016,29.376,0.000,29.376,2.151,305.700,2.485,44.800,1.651,11.1346,272.57664,272602.20
192,34.01,31.52,300,3,H,330.3/34.4/545.4,1.5/14.8,1.5/16.4,1.5,0,14.8,15.8212,0,0,1.5,14.8,15.8212,16.3,17.4247,32.4247,330.3,34.4,545.4,,,330.3,0,0.005,0.000,0.005,18.985,0.000,18.985,2.519,545.400,2.737,34.400,1.537,14.2459,225.38693,210760.55
193,34.99,30.85,284,4,AH,136.2/357.6/75.3/1829.3,2.7/8.5/15.5,2.7/11.2/26.6,2.7,8.5,15.5,16.5695,0,0,11.2,15.5,16.5695,26.7,28.5423,43.5423,136.2,357.6,75.3,1829.3,,136.2,357.6,0.020,0.024,0.044,19.883,0.000,19.883,2.134,1829.300,3.262,75.300,1.877,6.8597,113.66215,283024.95
194,32.83,32.58,319,3,H,877.7/80.0/1230.8,1.2/21.4,1.2/22.7,1.2,0,21.4,22.8766,0,0,1.2,21.4,22.8766,22.6,24.1594,39.1594,877.7,80,1230.8,,,877.7,0,0.001,0.000,0.001,27.452,0.000,27.452,2.943,1230.800,3.090,80.000,1.903,6.4830,148.30957,254536.10
195,32.12,31.64,289,3,H,224.0/28.7/8692.8,1.5/17.5,1.5/19,1.5,0,17.5,18.7075,0,0,1.5,17.5,18.7075,19,20.311,35.311,224,28.7,8692.8,,,224,0,0.007,0.000,0.007,22.449,0.000,22.449,2.350,8692.800,3.939,28.700,1.458,16.8687,315.57087,229521.50
196,34.8,32.38,302,3,H,497.1/65.9/3657.8,1.6/14.7,1.6/16.3,1.6,0,14.7,15.7143,0,0,1.6,14.7,15.7143,16.3,17.4247,32.4247,497.1,65.9,3657.8,,,497.1,0,0.003,0.000,0.003,18.857,0.000,18.857,2.696,3657.800,3.563,65.900,1.819,7.7683,122.07347,210760.55
197,35.17,30.25,320,3,H,790.2/267.8/377.2,11.1/9.1,11.1/20.1,11.1,0,9.1,9.7279,0,0,11.1,9.1,9.7279,20.2,21.5938,36.5938,790.2,267.8,377.2,,,790.2,0,0.014,0.000,0.014,11.673,0.000,11.673,2.898,377.200,2.577,267.800,2.428,2.1004,20.43251,237859.70
198,33.54,32.54,308,4,HA,106.9/39.8/857.5/295.5,1.1/8.6/23.7,1.1/9.7/33.4,1.1,8.6,23.7,25.3353,0,0,9.7,23.7,25.3353,33.4,35.7046,50.7046,106.9,39.8,857.5,295.5,,106.9,857.5,0.010,0.010,0.020,30.402,0.000,30.402,2.029,295.500,2.471,39.800,1.600,12.4342,315.02444,329579.90
199,34.75,30.5,307,3,H,198.3/78.5/2122.3,0.9/26.2,0.9/27.1,0.9,0,26.2,28.0078,0,0,0.9,26.2,28.0078,27.1,28.9699,43.9699,198.3,78.5,2122.3,,,198.3,0,0.005,0.000,0.005,33.609,0.000,33.609,2.297,2122.300,3.327,78.500,1.895,6.5985,184.80974,285804.35
200,33.92,32.25,299,3,H,1057.7/27.8/3877.5,0.9/24.2,0.9/25.1,0.9,0,24.2,25.8698,0,0,0.9,24.2,25.8698,25.1,26.8319,41.8319,1057.7,27.8,3877.5,,,1057.7,0,0.001,0.000,0.001,31.044,0.000,31.044,3.024,3877.500,3.589,27.800,1.444,17.3776,449.55402,271907.35
201,35.08,30.73,284,3,H,125.6/18.8/397.7,1.6/23,1.6/24.6,1.6,0,23,24.587,0,0,1.6,23,24.587,24.6,26.2974,41.2974,125.6,18.8,397.7,,,125.6,0,0.013,0.000,0.013,29.504,0.000,29.504,2.099,397.700,2.600,18.800,1.274,25.0302,615.41771,268433.10
202,35.93,30.06,471,4,HA,98.3/24.7/50.7/3009.7,1.4/3.0/31.7,1.4/4.3/36.1,1.4,3,31.7,33.8873,0,0,4.4,31.7,33.8873,36.1,38.5909,53.5909,98.3,24.7,50.7,3009.7,,98.3,24.7,0.014,0.121,0.136,40.665,0.000,40.665,1.993,3009.700,3.479,24.700,1.393,19.4038,657.54365,348340.85
203,35.72,30.25,337,4,KH,98.1/1613.9/12.8/1433.3,0.3/0.8/5.8,0.3/1.1/6.9,0.3,0.8,5.8,6.2002,0,0,1.1,5.8,6.2002,6.9,7.3761,22.3761,98.1,1613.9,12.8,1433.3,,98.1,1614,0.003,0.000,0.004,7.440,0.000,7.440,1.992,1433.300,3.156,12.800,1.107,35.8260,222.12843,145444.65
204,34.82,30.12,306,4,KH,146.6/2240.5/16.0/327.9,0.4/1.1/6.6,0.4/1.5/8.1,0.4,1.1,6.6,7.0554,0,0,1.5,6.6,7.0554,8.1,8.6589,23.6589,146.6,2240.5,16,327.9,,146.6,2241,0.003,0.000,0.003,8.466,0.000,8.466,2.166,327.900,2.516,16.000,1.204,29.0936,205.26718,153782.85
205,35.52,30.43,314,3,H,269.5/133.6/720.4,10.1/22,10.1/32.1,10.1,0,22,23.518,0,0,10.1,22,23.518,32.1,34.3149,49.3149,269.5,133.6,720.4,,,269.5,0,0.037,0.000,0.037,28.222,0.000,28.222,2.431,720.400,2.858,133.600,2.126,4.0181,94.49775,320546.85
206,35.83,30.36,330,4,KH,430.7/1598.0/85.4/6308.1,5.2/26/8.0,5.2/31.2/39.2,5.2,26,8,8.552,0,0,31.2,8,8.552,39.2,41.9048,56.9048,430.7,1598,85.4,6308.1,,430.7,1598,0.012,0.016,0.028,10.262,0.000,10.262,2.634,6308.100,3.800,85.400,1.931,6.0998,52.16545,369881.20
207,35.93,30.35,339,4,KH,132.5/3325.0/141.6/2503.3,4.0/7.1/28,4.0/11.1/39.1,4,7.1,28,29.932,0,0,11.1,28,29.932,39.1,41.7979,56.7979,132.5,3325,141.6,2503.3,,132.5,3325,0.030,0.002,0.032,35.918,0.000,35.918,2.122,2503.300,3.399,141.600,2.151,3.8059,113.91909,369186.35
208,35.52,30.32,395,4,KH,284.2/112.7/353.2/510.8,2.0/10.5/12.8,2.0/12.5/25.3,2,10.5,12.8,13.6832,0,0,12.5,12.8,13.6832,25.3,27.0457,42.0457,284.2,112.7,353.2,510.8,,284.2,112.7,0.007,0.093,0.100,16.420,0.000,16.420,2.454,510.800,2.708,12.700,1.104,36.0891,493.81419,273297.05
209,35.53,30.04,357,4,KH,143.7/316.1/43.5/203.8,0.7/1.2/21.0,0.7/1.9/22.9,0.7,1.2,21,22.449,0,0,1.9,21,22.449,22.9,24.4801,39.4801,143.7,316.1,43.5,203.8,,143.7,316.1,0.005,0.004,0.009,26.939,0.000,26.939,2.157,203.800,2.309,43.500,1.638,11.4447,256.92253,256620.65
210,34.64,30.05,300,3,H,247.9/24.1/150.0,1.8/12.0,1.8/13.7,1.8,0,12,12.828,0,0,1.8,12,12.828,13.8,14.7522,29.7522,247.9,24.1,150,,,247.9,24.1,0.007,0.000,0.007,15.394,0.000,15.394,2.394,150.000,2.176,24.100,1.382,19.8541,254.68837,193389.30
211,34.93,29.75,310,4,HA,80.1/29.8/78.4/669.7,1.1/12.8/6.1,1.1/13.9/20.0,1.1,12.8,6.1,6.5209,0,0,13.9,6.1,6.5209,20,21.38,36.38,80.1,29.8,78.4,669.7,,80.1,29.8,0.014,0.430,0.443,7.825,0.000,7.825,1.904,669.700,2.826,78.400,1.894,6.6064,43.07942,236470.00
212,35.69,29.4,344,4,HA,222.7/68.6/666.6/181.9,2.4/9.1/26.1,2.4/11.5/37.6,2.4,9.1,26.1,27.9009,0,0,11.5,26.1,27.9009,37.6,40.1944,55.1944,222.7,68.6,666.6,181.9,,222.7,68.6,0.011,0.133,0.143,33.481,0.000,33.481,2.348,181.900,2.260,68.600,1.836,7.4827,208.77433,358763.60
213,35.1,29.95,328,4,AH,112.6/1355.6/176.8/1338.0,0.9/39.9/40.5,0.9/40.8/81.2,0.9,39.9,40.5,43.2945,0,0,40.8,40.5,43.2945,81.3,86.9097,101.9097,112.6,1355.6,176.8,1338,,112.6,1356,0.008,0.029,0.037,51.953,0.000,51.953,2.052,1338.000,3.126,176.800,2.247,3.0940,133.95254,662413.05
214,35.8,32.86,369,4,AH,346.7/236.9/676.6/1077.2,0.6/8.4/24.7,0.8/9.0/33.7,0.6,8.4,24.7,26.4043,0,0,9,24.7,26.4043,33.7,36.0253,51.0253,346.7,236.9,676.6,1077.2,,346.7,236.9,0.002,0.035,0.037,31.685,0.000,31.685,2.540,1077.200,3.032,236.900,2.375,2.3549,62.17936,331664.45
215,34.29,29.31,287,3,H,162.8/47.2/284.5,0.9/22.0,0.9/22.9,0.9,0,22,23.518,0,0,0.9,22,23.518,22.9,24.4801,39.4801,162.8,47.2,284.5,,,162.8,0,0.006,0.000,0.006,28.222,0.000,28.222,2.212,284.500,2.454,47.200,1.674,10.6056,249.42167,256620.65
216,34.71,29.65,384,3,H,46.5/21.7/94.5,2.1/18,2.1/20.1,2.1,0,18,19.242,0,0,2.1,18,19.242,20.1,21.4869,36.4869,46.5,21.7,94.5,,,46.5,0,0.045,0.000,0.045,23.090,0.000,23.090,1.667,94.500,1.975,21.700,1.336,21.8951,421.30595,237164.85
217,35.43,31.6,293,3,H,387.2/149.9/2071.4,1.6/19.3,1.6/20.9,1.6,0,19.3,20.6317,0,0,1.6,19.3,20.6317,20.9,22.3421,37.3421,387.2,149.9,2071.4,,,387.2,0,0.004,0.000,0.004,24.758,0.000,24.758,2.588,2071.400,3.316,149.900,2.176,3.6090,74.45932,242723.65
218,35.41,30.32,434,4,HA,338.2/110.0/403.8/176.8,1.4/8.7/23.5,1.4/10.1/33.6,1.4,8.7,23.5,25.1215,0,0,10.1,23.5,25.1215,33.6,35.9184,50.9184,338.2,110,403.8,176.8,,338.2,110,0.004,0.079,0.083,30.146,0.000,30.146,2.529,176.800,2.247,110.000,2.041,4.8169,121.00696,330969.60
219,33.91,29.11,421,4,HA,137.9/38.4/647.2/372.5,0.9/13.6/15.7,0.9/14.5/80.2,0.9,13.6,15.7,16.7833,0,0,14.5,15.7,16.7833,30.2,32.2838,47.2838,137.9,38.4,647.2,372.5,,137.9,38.4,0.007,0.354,0.361,20.140,0.000,20.140,2.140,372.500,2.571,38.400,1.584,12.8566,215.77582,307344.70
220,34.57,29.2,285,3,H,196/52.5/630.1,1.7/14.6,1.7/16.3,1.7,0,14.6,15.6074,0,0,1.7,14.6,15.6074,16.3,17.4247,32.4247,196,52.5,630.1,,,196,0,0.009,0.000,0.009,18.729,0.000,18.729,2.292,630.100,2.799,52.500,1.720,9.6033,149.88269,210760.55
221,35.5,30.94,308,4,KH,170.9/389.6/34.1/183.0,0.6/1.7/23.0,0.6/2.3/25.3,0.6,1.7,23,24.587,0,0,2.3,23,24.587,25.3,27.0457,42.0457,170.9,389.6,34.1,183,,170.9,389.6,0.004,0.004,0.008,29.504,0.000,29.504,2.233,183.000,2.262,34.100,1.533,14.3628,353.13714,273297.05
222,35.7,31.39,372,3,H,205.5/43.8/615.1,9.6/24.0,9.6/33.6,9.6,0,24,25.656,0,0,9.6,24,25.656,33.6,35.9184,50.9184,205.5,43.8,615.1,,,205.5,0,0.047,0.000,0.047,30.787,0.000,30.787,2.313,615.100,2.789,43.800,1.641,11.3716,291.74926,330969.60
223,35.31,31.19,310,4,HA,101.9/18.0/294.7/416.6,0.7/3.3/18.5,0.7/4.0/22.5,0.7,3.3,18.5,19.7765,0,0,4,18.5,19.7765,22.5,24.0525,39.0525,101.9,18,294.7,416.6,,101.9,18,0.007,0.183,0.190,23.732,0.000,23.732,2.008,416.600,2.620,18.000,1.255,26.0664,515.50241,253841.25
224,35,31.39,279,3,H,770.4/41.2/131.7,1.1/14.3,1.1/15.4,1.1,0,14.3,15.2867,0,0,1.1,14.3,15.2867,15.4,16.4626,31.4626,770.4,41.2,131.7,,,770.4,0,0.001,0.000,0.001,18.344,0.000,18.344,2.887,131.700,2.120,41.200,1.615,12.0396,184.04596,204506.90
225,33.93,29.46,289,4,HK,112.0/186.1/927.4/210.7,0.6/6.5/19.1,0.6/7.1/26.1,0.6,6.5,19.1,20.4179,0,0,7.1,19.1,20.4179,26.2,28.0078,43.0078,112,186.1,927.4,210.7,,112,186.1,0.005,0.035,0.040,24.501,0.000,24.501,2.049,210.700,2.324,186.100,2.270,2.9495,60.22276,279550.70
226,33.5,29.11,318,4,HA,34.7/15.5/874.5/135.6,0.8/2.9/18.2,0.8/3.7/22.0,0.8,2.9,18.2,19.4558,0,0,3.7,18.2,19.4558,21.9,23.4111,38.4111,34.7,15.5,874.5,135.6,,34.7,15.5,0.023,0.187,0.210,23.347,0.000,23.347,1.540,135.600,2.132,15.500,1.190,29.9682,583.05442,249672.15
227,33.73,29.25,385,4,AK,17.6/23.1/78.5/40.2,0.9/2.8/11.7,0.9/3.7/15.5,0.9,2.8,11.7,12.5073,0,0,3.7,11.7,12.5073,15.4,16.4626,31.4626,17.6,23.1,78.5,40.2,,17.6,23.1,0.051,0.121,0.172,15.009,0.000,15.009,1.246,40.200,1.604,40.200,1.604,12.3188,154.07440,204506.90
228,32.4,28.74,306,3,H,157.3/19.8/57.0,8.0/19.4,8.0/27.4,8,0,19.4,20.7386,0,0,8,19.4,20.7386,27.4,29.2906,44.2906,157.3,19.8,57,,,157.3,0,0.051,0.000,0.051,24.886,0.000,24.886,2.197,57.000,1.756,19.800,1.297,23.8489,494.59345,287888.90
229,33.23,29.02,603,4,,26.6/646.5/152.9/529.3,2.0/17.9/36.2,2.0/19.8/56.1,2,17.9,36.2,38.6978,0,0,19.9,36.2,38.6978,56.1,59.9709,74.9709,26.6,646.5,152.9,529.3,,26.6,646.5,0.075,0.028,0.103,46.437,0.000,46.437,1.425,529.300,2.724,152.900,2.184,3.5429,137.10161,487310.85
230,33.45,28.99,930,3,H,70.6/27.3/154.5,0.7/9.3,7.2/25.0,0.7,0,9.3,9.9417,0,0,0.7,9.3,9.9417,10,10.69,25.69,70.6,27.3,154.5,,,70.6,0,0.010,0.000,0.010,11.930,0.000,11.930,1.849,154.500,2.189,27.300,1.436,17.6743,175.71230,166985.00
231,33.87,28.72,305,3,H,395.2/34.7/297.9,7.1/18,7.1/25.1,7.1,0,18,19.242,0,0,7.1,18,19.242,25.1,26.8319,41.8319,395.2,34.7,297.9,,,395.2,0,0.018,0.000,0.018,23.090,0.000,23.090,2.597,297.900,2.474,34.700,1.540,14.1310,271.90787,271907.35
232,33.51,28.66,304,4,HA,86.2/20.0/737.1/943.7,0.8/3.1/13.6,0.8/3.8/17.4,0.8,3.1,13.6,14.5384,0,0,3.9,13.6,14.5384,17.5,18.7075,33.7075,86.2,20,737.1,943.7,,86.2,20,0.009,0.155,0.164,17.446,0.000,17.446,1.936,943.700,2.975,20.000,1.301,23.6264,343.48986,219098.75
233,34.77,28.34,294,3,H,499.9/11.6/152.4,1.6/24.5,1.6/26.1,1.6,0,24.5,26.1905,0,0,1.6,24.5,26.1905,26.1,27.9009,42.9009,499.9,11.6,152.4,,,499.9,0,0.003,0.000,0.003,31.429,0.000,31.429,2.699,152.400,2.183,11.600,1.064,39.2716,1028.54326,278855.85
234,35.3,28.38,295,4,HA,369.4/56.8/136.1/452.3,1.3/5.7/13.21,1.3/7.0/60.21,1.3,5.7,13.21,14.12149,0,0,7,13.21,14.12149,20.21,21.60449,36.60449,369.4,56.8,136.1,452.3,,369.4,56.8,0.004,0.100,0.104,16.946,0.000,16.946,2.567,452.300,2.655,56.800,1.754,8.9234,126.01112,237929.19
235,34.29,28.07,324,3,H,157.1/36.2/391.9,1.2/23.0,1.2/24.2,1.2,0,23,24.587,0,0,1.2,23,24.587,24.2,25.8698,40.8698,157.1,36.2,391.9,,,157.1,0,0.008,0.000,0.008,29.504,0.000,29.504,2.196,391.900,2.593,36.200,1.559,13.5840,333.98929,265653.70
236,34.75,28.01,372,3,H,233.4/72.8/706.5,1.8/27.0,1.8/28.7,1.8,0,27,28.863,0,0,1.8,27,28.863,28.8,30.7872,45.7872,233.4,72.8,706.5,,,233.4,0,0.008,0.000,0.008,34.636,0.000,34.636,2.368,706.500,2.849,72.800,1.862,7.0792,204.32738,297616.80
237,34.71,28.1,366,3,H,69.4/15.7/3375.6,8.2/26,8.2/34.2,8.2,0,26,27.794,0,0,8.2,26,27.794,34.2,36.5598,51.5598,69.4,15.7,3375.6,,,69.4,0,0.118,0.000,0.118,33.353,0.000,33.353,1.841,3375.600,3.528,15.700,1.196,29.6119,823.03271,335138.70
238,35.23,29.52,318,3,H,261.5/52.4/1649.5,4.2/15.0,4.2/19.2,4.2,0,15,16.035,0,0,4.2,15,16.035,19.2,20.5248,35.5248,261.5,52.4,1649.5,,,261.5,0,0.016,0.000,0.016,19.242,0.000,19.242,2.417,1649.500,3.217,52.400,1.719,9.6204,154.26318,230911.20
239,35.93,29.28,154,3,H,205.0/56.1/307.4,2.0/41.2,2.0/43.2,2,0,41.2,44.0428,0,0,2,41.2,44.0428,43.2,46.1808,61.1808,205,56.1,307.4,,,205,0,0.010,0.000,0.010,52.851,0.000,52.851,2.312,307.400,2.488,56.100,1.749,9.0272,397.58227,397675.20
240,34.49,28.63,305,3,H,158.0/42.2/2504.7,3.2/13.8,3.2/17.0,3.2,0,13.8,14.7522,0,0,3.2,13.8,14.7522,17,18.173,33.173,158,42.2,2504.7,,,158,0,0.020,0.000,0.020,17.703,0.000,17.703,2.199,2504.700,3.399,42.200,1.625,11.7733,173.68155,215624.50
241,34.99,28.83,427,3,HK,125.6/63.0/191.5,1.5/3.1/27.5,1.5/4.6/32.1,1.5,3.1,27.5,29.3975,0,0,4.6,27.5,29.3975,32.1,34.3149,49.3149,125.6,63,191.5,,,125.6,63,0.012,0.049,0.061,35.277,0.000,35.277,2.099,191.500,2.282,63.000,1.799,8.1014,238.15992,320546.85
242,34.27,28.75,332,3,A,56.6/135.1/718.1,6.2/21.2,6.2/17.4,6.2,0,21.2,22.6628,0,0,6.2,21.2,22.6628,27.4,29.2906,44.2906,56.6,135.1,718.1,,,56.6,0,0.110,0.000,0.110,27.195,0.000,27.195,1.753,718.100,2.856,135.100,2.131,3.9765,90.11798,287888.90
243,34.47,29.26,314,3,H,152.6/64.9/187.9,1.1/13.6,1.1/14.6,1.1,0,13.6,14.5384,0,0,1.1,13.6,14.5384,14.7,15.7143,30.7143,152.6,64.9,187.9,,,152.6,0,0.007,0.000,0.007,17.446,0.000,17.446,2.184,187.900,2.274,64.900,1.812,7.8799,114.56119,199642.95
244,35.1,28.77,357,3,H,294.5/216.7/518.5,11.0/9.1,11.0/10.1,11,0,9.1,9.7279,0,0,11,9.1,9.7279,20.1,21.4869,36.4869,294.5,216.7,518.5,,,294.5,0,0.037,0.000,0.037,11.673,0.000,11.673,2.469,518.500,2.715,216.700,2.336,2.5590,24.89413,237164.85
245,34.27,28.58,298,3,H,77.5/8.6/48.7,2.6/18.6,2.6/21.2,2.6,0,18.6,19.8834,0,0,2.6,18.6,19.8834,21.2,22.6628,37.6628,77.5,8.6,48.7,,,77.5,0,0.034,0.000,0.034,23.860,0.000,23.860,1.889,48.700,1.688,8.600,0.934,51.9169,1032.28491,244808.20
246,35.29,28.04,378,4,KH,256.6/406.9/247.3/567.6,1.0/6.0/19.5,1.0/7.0/26.5,1,6,19.5,20.8455,0,0,7,19.5,20.8455,26.5,28.3285,43.3285,256.6,406.9,247.3,567.6,,256.6,406.9,0.004,0.015,0.019,25.015,0.000,25.015,2.409,567.600,2.754,247.300,2.393,2.2624,47.16048,281635.25
247,35.67,28.33,342,3,H,327.9/42.9/1154.5,2.1/21.2,2.1/23.3,2.1,0,21.2,22.6628,0,0,2.1,21.2,22.6628,23.3,24.9077,39.9077,327.9,42.9,1154.5,,,327.9,0,0.006,0.000,0.006,27.195,0.000,27.195,2.516,1154.500,3.062,42.900,1.632,11.5940,262.75171,259400.05
248,35.42,28.11,351,3,H,185.6/77.9/135.8,1.3/6.8,1.3/8.1,1.3,0,6.8,7.2692,0,0,1.3,6.8,7.2692,8.1,8.6589,23.6589,185.6,77.9,135.8,,,185.6,0,0.007,0.000,0.007,8.723,0.000,8.723,2.269,135.800,2.133,77.900,1.892,6.6459,48.31042,153782.85
249,32.16,29.33,280,3,H,234.8/62.2/437.9,2.6/22.4,2.6/25.0,2.6,0,22.4,23.9456,0,0,2.6,22.4,23.9456,25,26.725,41.725,234.8,62.2,437.9,,,234.8,0,0.011,0.000,0.011,28.735,0.000,28.735,2.371,437.900,2.641,62.200,1.794,8.1985,196.31856,271212.50
250,32.79,28.22,325,3,H,126.9/19.0/78.3,1.8/5.0,1.8/6.8,1.8,0,5,5.345,0,0,1.8,5,5.345,6.8,7.2692,22.2692,126.9,19,78.3,,,126.9,0,0.014,0.000,0.014,6.414,0.000,6.414,2.103,78.300,1.894,19.000,1.279,24.7843,132.47231,144749.80
251,33.61,28.66,304,3,H,85.8/19.4/1244.0,0.8/31,0.8/31.8,0.8,0,31,33.139,0,0,0.8,31,33.139,31.8,33.9942,48.9942,85.8,19.4,1244,,,85.8,0,0.009,0.000,0.009,39.767,0.000,39.767,1.933,1244.000,3.095,19.400,1.288,24.3073,805.52019,318462.30
252,33.46,28.52,299,4,HA,184.4/107.8/897.5/987.3,5.8/18.7/36.2,5.8/24.5/60.7,5.8,18.7,36.2,38.6978,0,0,24.5,36.2,38.6978,60.7,64.8883,79.8883,184.4,107.8,897.5,987.3,,184.4,107.8,0.031,0.173,0.205,46.437,0.000,46.437,2.266,987.300,2.994,17.800,1.250,26.3395,1019.28141,519273.95
253,33.52,28.51,304,3,H,175.5/36.3/549.3,1.7/25.0,1.7/26.7,1.7,0,25,26.725,0,0,1.7,25,26.725,26.7,28.5423,43.5423,175.5,36.3,549.3,,,175.5,0,0.010,0.000,0.010,32.070,0.000,32.070,2.244,549.300,2.740,36.300,1.560,13.5491,362.09884,283024.95
,,,,,,,,,,,,,,,,,,,,,,,,,,,,,,,,,,,,,,,,,
MAXIMUM,,,,,,,,,12.7,39.9,62.2,66.4918,27.6,29.5044,40.8,62.2,66.4918,81.3,86.9097,101.9097,2524.2,3325,17762.3,6308.1,1544,2524.2,3325,0.317829457,0.847826087,0.861303176,79.79016,5.16327,79.79016,3.402123762,17762.3,4.249499201,936,2.971275849,93.06721749,3710.93431,662413.05
MINIMUM,,,,,,,,,0.3,0,2.4,2.5656,0,0,0.4,2.4,2.5656,3.3,3.5277,18.5277,12.4,4.6,7,25.2,142.9,12.4,0,0.000356549,0,0.000356549,3.07872,0,3.07872,1.093421685,25.2,1.401400541,4.6,0.662757832,0.653644886,6.205594016,120430.05
